NAME,TYPE,BEDS,TRAUMA
CHRISTIANA CARE-CHRISTIANA HOSPITAL,GENERAL ACUTE CARE,913,1
BAYHEALTH MILFORD MEMORIAL HOSPITAL,GENERAL ACUTE CARE,127,3
NANTICOKE MEMORIAL HOSPITAL,GENERAL ACUTE CARE,139,3
BEEBE MEDICAL CENTER,GENERAL ACUTE CARE,210,3
BAYHEALTH KENT GENERAL HOSPITAL,GENERAL ACUTE CARE,236,3
ST. FRANCIS HOSPITAL,GENERAL ACUTE CARE,224,5
CHRISTIANA CARE-WILMINGTON HOSPITAL,GENERAL ACUTE CARE,241,5
COMMUNITY BEHAVIORAL HEALTH CENTER,GENERAL ACUTE CARE,61,1
CALLAHAN EYE HOSPITAL,GENERAL ACUTE CARE,106,1
BARNES-JEWISH ST. PETERS HOSPITAL,GENERAL ACUTE CARE,127,1
ARNOLD PALMER HOSPITAL FOR CHILDREN,CHILDREN,158,1
SSM HEALTH CARDINAL GLENNON CHILDREN'S MEDICAL CENTER,GENERAL ACUTE CARE,195,1
TRUMAN MEDICAL CENTER - HOSPITAL HILL,GENERAL ACUTE CARE,199,1
STATEN ISLAND UNIVERSITY HOSPITAL - SOUTH,GENERAL ACUTE CARE,206,1
LE BONHEUR CHILDREN'S HOSPITAL,CHILDREN,225,1
ST. LOUIS CHILDREN'S HOSPITAL,CHILDREN,258,1
HOWARD UNIVERSITY HOSPITAL,GENERAL ACUTE CARE,264,1
CAMC GENERAL HOSPITAL,GENERAL ACUTE CARE,268,1
MT SINAI HOSPITAL MEDICAL CENTER,GENERAL ACUTE CARE,290,1
CHILDREN'S MERCY HOSPITAL,GENERAL ACUTE CARE,301,1
UMASS MEMORIAL MEDICAL CENTER - MEMORIAL CAMPUS,GENERAL ACUTE CARE,303,1
CHILDRENS HSPTL OF WISCONSIN,GENERAL ACUTE CARE,306,1
CHILDREN'S NATIONAL MEDICAL CENTER,CHILDREN,313,1
SPECTRUM HEALTH - BLODGETT CAMPUS,GENERAL ACUTE CARE,319,1
GEORGE WASHINGTON UNIVERSITY HOSPITAL,GENERAL ACUTE CARE,339,1
SWEDISH MEDICAL CENTER,GENERAL ACUTE CARE,343,1
SSM HEALTH ST. LOUIS UNIVERSITY HOSPITAL,GENERAL ACUTE CARE,344,1
BOSTON MEDICAL CENTER - MENINO CAMPUS,GENERAL ACUTE CARE,356,1
UNIVERSITY OF CALIF-SAN DIEGO MEDICAL CENTER,GENERAL ACUTE CARE,390,1
UNIVERSITY MEDICAL CENTER OF EL PASO,GENERAL ACUTE CARE,394,1
NYU LUTHERAN MEDICAL CENTER,GENERAL ACUTE CARE,396,1
MARY HITCHCOCK MEMORIAL HOSPITAL,GENERAL ACUTE CARE,396,1
UNIVERSITY MEDICAL CENTER AT BRACKENRIDGE,GENERAL ACUTE CARE,403,1
JAMAICA HOSPITAL MEDICAL CENTER,GENERAL ACUTE CARE,408,1
DENVER HEALTH MEDICAL CENTER,GENERAL ACUTE CARE,409,1
UNIVERSITY OF CALIFORNIA IRVINE MEDICAL CENTER,GENERAL ACUTE CARE,411,1
UNIVERSITY MEDICAL CENTER,GENERAL ACUTE CARE,412,1
UNIVERSITY MEDICAL CENTER NEW ORLEANS,GENERAL ACUTE CARE,446,1
REGIONS HOSPITAL,GENERAL ACUTE CARE,454,1
HARRIS HEALTH SYSTEM BEN TAUB GENERAL HOSPITAL,GENERAL ACUTE CARE,458,1
UNIVERSITY OF MISSOURI HEALTH CARE,GENERAL ACUTE CARE,463,1
RESEARCH MEDICAL CENTER,GENERAL ACUTE CARE,487,1
CHILDREN'S MEDICAL CENTER OF DALLAS,GENERAL ACUTE CARE,487,1
BOSTON MEDICAL CENTER - EAST NEWTON CAMPUS,GENERAL ACUTE CARE,496,1
SCRIPPS MERCY HOSPITAL,GENERAL ACUTE CARE,501,1
WELLMONT-HOLSTON VALLEY MEDICAL CENTER,GENERAL ACUTE CARE,505,1
JOHNSON CITY MEDICAL CENTER,GENERAL ACUTE CARE,514,1
NORTH MEMORIAL MEDICAL CENTER,GENERAL ACUTE CARE,518,1
NEW YORK HOSPITAL QUEENS,GENERAL ACUTE CARE,519,1
THE UNIVERSITY HOSPITAL,GENERAL ACUTE CARE,519,1
UNIVERSITY OF NEW MEXICO HOSPITAL,GENERAL ACUTE CARE,527,1
SPARTANBURG REGIONAL MEDICAL CENTER,GENERAL ACUTE CARE,540,1
UNIVERSITY MEDICAL CENTER OF SOUTHERN NEVADA,GENERAL ACUTE CARE,541,1
SENTARA NORFOLK GENERAL HOSPITAL,GENERAL ACUTE CARE,543,1
ERIE COUNTY MEDICAL CENTER,GENERAL ACUTE CARE,550,1
ERLANGER MEDICAL CENTER,GENERAL ACUTE CARE,560,1
THE UNIVERSITY OF VERMONT MEDICAL CENTER,GENERAL ACUTE CARE,562,1
JOHN PETER SMITH HOSPITAL,GENERAL ACUTE CARE,567,1
SCOTT & WHITE MEDICAL CENTER TEMPLE,GENERAL ACUTE CARE,574,1
ROBERT WOOD JOHNSON UNIVERSITY HOSPITAL,GENERAL ACUTE CARE,584,1
WINTHROP-UNIVERSITY HOSPITAL,GENERAL ACUTE CARE,591,1
THE UNIVERSITY OF TENNESSEE MEDICAL CENTER,GENERAL ACUTE CARE,609,1
ST. LUKE'S HOSPITAL OF KANSAS CITY,GENERAL ACUTE CARE,610,1
UNIVERSITY OF VIRGINIA MEDICAL CENTER,GENERAL ACUTE CARE,614,1
METHODIST HEALTHCARE - UNIVERSITY HOSPITAL,GENERAL ACUTE CARE,617,1
TEXAS CHILDREN'S HOSPITAL,GENERAL ACUTE CARE,621,1
REGIONAL MEDICAL CENTER AT MEMPHIS,GENERAL ACUTE CARE,631,1
THE COOPER UNIVERSITY HOSPITAL,GENERAL ACUTE CARE,635,1
WEST VIRGINIA UNIVERSITY HOSPITALS,GENERAL ACUTE CARE,645,1
MORRISTOWN MEMORIAL HOSPITAL,GENERAL ACUTE CARE,646,1
UNIVERSITY OF WI HOSPITALS & CLINICS AUTHORITY,GENERAL ACUTE CARE,648,1
PALMETTO HEALTH RICHLAND,GENERAL ACUTE CARE,649,1
BETH ISRAEL DEACONESS MEDICAL CENTER - EAST CAMPUS,GENERAL ACUTE CARE,649,1
UNIVERSITY HOSPITAL AND CLINICS - THE UNIVERSITY OF MISSISSIPPI MEDICAL CENTER,GENERAL ACUTE CARE,697,1
MUSC MEDICAL CENTER,GENERAL ACUTE CARE,713,1
BAYSTATE MEDICAL CENTER,GENERAL ACUTE CARE,716,1
RHODE ISLAND HOSPITAL,GENERAL ACUTE CARE,719,1
CARILION MEDICAL CENTER,GENERAL ACUTE CARE,737,1
VCU HEALTH SYSTEM,GENERAL ACUTE CARE,779,1
BRIGHAM AND WOMEN'S HOSPITAL,GENERAL ACUTE CARE,779,1
HOSPITAL OF THE UNIVERSITY OF PENNSYLVANIA,GENERAL ACUTE CARE,782,1
COX MEDICAL CENTERS SOUTH HOSPITAL,GENERAL ACUTE CARE,806,1
STRONG MEMORIAL HOSPITAL,GENERAL ACUTE CARE,830,1
INOVA FAIRFAX HOSPITAL,GENERAL ACUTE CARE,833,1
GHS GREENVILLE MEMORIAL HOSPITAL,GENERAL ACUTE CARE,845,1
MERCY HOSPITAL ST. LOUIS,GENERAL ACUTE CARE,859,1
MERCY HOSPITAL SPRINGFIELD,GENERAL ACUTE CARE,866,1
HARTFORD HOSPITAL,GENERAL ACUTE CARE,867,1
PARKLAND MEMORIAL HOSPITAL,GENERAL ACUTE CARE,870,1
WAKEMED,GENERAL ACUTE CARE,870,1
"HUNTSVILLE HOSPITAL, THE",GENERAL ACUTE CARE,881,1
BELLEVUE HOSPITAL CENTER,GENERAL ACUTE CARE,912,1
MEDSTAR WASHINGTON HOSPITAL CENTER,GENERAL ACUTE CARE,926,1
BAYLOR UNIVERSITY MEDICAL CENTER,GENERAL ACUTE CARE,940,1
MASSACHUSETTS GENERAL HOSPITAL,GENERAL ACUTE CARE,950,1
VANDERBILT UNIVERSITY HOSPITAL,GENERAL ACUTE CARE,1025,1
UNIVERSITY HOSPITAL,GENERAL ACUTE CARE,1034,1
MEMORIAL HERMANN HOSPITAL,GENERAL ACUTE CARE,1082,1
CAROLINAS MEDICAL CENTER,GENERAL ACUTE CARE,1132,1
MAYO CLINIC HOSPITAL ROCHESTER ST MARY'S CAMPUS,GENERAL ACUTE CARE,1265,1
BARNES-JEWISH HOSPITAL,GENERAL ACUTE CARE,1386,1
YALE-NEW HAVEN HOSPITAL,GENERAL ACUTE CARE,1541,1
GILLETTE CHILDRENS SPEC HOSP,CHILDREN,60,1
CHILDRENS HOSPITAL AND RESEARCH CTR AT OAKLAND,CHILDREN,190,1
CHILDRENS HOSP & CLINICS MINNE,GENERAL ACUTE CARE,381,1
CHILDREN'S HOSPITAL OF LOS ANGELES,CHILDREN,495,1
NORTH SHORE UNIVERSITY HOSPITAL,GENERAL ACUTE CARE,764,1
LOMA LINDA UNIVERSITY MEDICAL CENTER,GENERAL ACUTE CARE,371,1
UPSTATE UNIVERSITY HOSPITAL - DOWNTOWN CAMPUS,GENERAL ACUTE CARE,409,1
RONALD REAGAN UCLA MEDICAL CENTER,GENERAL ACUTE CARE,466,1
UNIVERSITY OF CALIFORNIA DAVIS MEDICAL CENTER,GENERAL ACUTE CARE,611,1
WESTCHESTER MEDICAL CENTER,GENERAL ACUTE CARE,652,1
LAC/HARBOR-UCLA MEDICAL CENTER,GENERAL ACUTE CARE,453,1
SANTA CLARA VALLEY MEDICAL CENTER,GENERAL ACUTE CARE,574,1
STANFORD HOSPITAL,GENERAL ACUTE CARE,613,1
LAC+USC MEDICAL CENTER,GENERAL ACUTE CARE,676,1
CEDARS SINAI MEDICAL CENTER,GENERAL ACUTE CARE,886,1
HERMANN AREA DISTRICT HOSPITAL,CRITICAL ACCESS,24,2
BAYLOR SCOTT & WHITE MCLANE CHILDREN'S MEDICAL CENTER,CHILDREN,64,2
COVENANT CHILDREN'S HOSPITAL,CHILDREN,73,2
ESSENTIA HEALTH ST MARYS,GENERAL ACUTE CARE,87,2
AURORA MEDICAL CENTER,GENERAL ACUTE CARE,117,2
EDEN MEDICAL CENTER,GENERAL ACUTE CARE,130,2
ESSENTIA HEALTH-FARGO,GENERAL ACUTE CARE,133,2
SETON MEDICAL CENTER WILLIAMSON,GENERAL ACUTE CARE,149,2
MARSHALL MEDICAL CENTER SOUTH,GENERAL ACUTE CARE,150,2
AURORA BAYCARE MED CTR,GENERAL ACUTE CARE,167,2
SAINT MARYS HOSPITAL,GENERAL ACUTE CARE,168,2
ROUND ROCK MEDICAL CENTER,GENERAL ACUTE CARE,173,2
MCLAREN - NORTHERN MICHIGAN,GENERAL ACUTE CARE,178,2
THEDA CLARK MED CTR,GENERAL ACUTE CARE,182,2
SOUTHERN NEW HAMPSHIRE MEDICAL CENTER,GENERAL ACUTE CARE,188,2
OHIO VALLEY MEDICAL CENTER,GENERAL ACUTE CARE,200,2
CENTURA HEALTH-LITTLETON ADVENTIST HOSPITAL,GENERAL ACUTE CARE,202,2
ST JOSEPH HOSPITAL,GENERAL ACUTE CARE,208,2
KAISER FND HOSP - SOUTH SACRAMENTO,GENERAL ACUTE CARE,217,2
ST. ROSE DOMINICAN HOSPITALS - SIENA CAMPUS,GENERAL ACUTE CARE,219,2
CENTERPOINT MEDICAL CENTER,GENERAL ACUTE CARE,221,2
KERN MEDICAL CENTER,GENERAL ACUTE CARE,222,2
VENTURA COUNTY MEDICAL CENTER,GENERAL ACUTE CARE,223,2
LIBERTY HOSPITAL,GENERAL ACUTE CARE,226,2
ENLOE MEDICAL CENTER- ESPLANADE CAMPUS,GENERAL ACUTE CARE,228,2
DECATUR MORGAN HOSPITAL - DECATUR CAMPUS,GENERAL ACUTE CARE,230,2
ST. JOSEPH REGIONAL HEALTH CENTER,GENERAL ACUTE CARE,235,2
CAPITAL HEALTH SYSTEM - FULD,GENERAL ACUTE CARE,237,2
HENRY MAYO NEWHALL MEMORIAL HOSPITAL,GENERAL ACUTE CARE,238,2
MERCY HLTH SYS CORP,GENERAL ACUTE CARE,240,2
MERCY HOSPITAL JOPLIN,GENERAL ACUTE CARE,240,2
REGIONAL MEDICAL OF SAN JOSE,GENERAL ACUTE CARE,249,2
ROSE MEDICAL CENTER,GENERAL ACUTE CARE,262,2
MERCY MEDICAL CENTER - REDDING,GENERAL ACUTE CARE,267,2
ST LUKES HOSPITAL,GENERAL ACUTE CARE,267,2
MERCY HOSPITAL,GENERAL ACUTE CARE,271,2
WHEELING HOSPITAL,GENERAL ACUTE CARE,277,2
SANTA ROSA MEMORIAL HOSPITAL-MONTGOMERY,GENERAL ACUTE CARE,278,2
ORANGE COUNTY GLOBAL MEDICAL CENTER,GENERAL ACUTE CARE,282,2
HIGHLAND HOSPITAL,GENERAL ACUTE CARE,286,2
PALOMAR HEALTH DOWNTOWN CAMPUS,GENERAL ACUTE CARE,292,2
CONCORD HOSPITAL,GENERAL ACUTE CARE,295,2
ELLIOT HOSPITAL CITY OF MANCHESTER,GENERAL ACUTE CARE,296,2
BERKSHIRE MEDICAL CENTER - BERKSHIRE CAMPUS,GENERAL ACUTE CARE,302,2
"MEDICAL CENTER OF AURORA, THE",GENERAL ACUTE CARE,303,2
MAYO CLINIC HEALTH SYSTEM EAU CLAIRE HOSPITAL,GENERAL ACUTE CARE,304,2
STAMFORD HOSPITAL,GENERAL ACUTE CARE,305,2
CABELL-HUNTINGTON HOSPITAL,GENERAL ACUTE CARE,313,2
JERSEY CITY MEDICAL CENTER,GENERAL ACUTE CARE,316,2
CALIFORNIA HOSPITAL MEDICAL CENTER - LOS ANGELES,GENERAL ACUTE CARE,318,2
SOUTH SHORE HOSPITAL,GENERAL ACUTE CARE,318,2
LOS ROBLES HOSPITAL & MEDICAL CENTER,GENERAL ACUTE CARE,321,2
SOUTHSIDE HOSPITAL,GENERAL ACUTE CARE,321,2
UNITED REGIONAL HEALTH CARE SYSTEM,GENERAL ACUTE CARE,325,2
GUNDERSEN LUTH MED CTR,GENERAL ACUTE CARE,325,2
ASPIRUS WAUSAU HOSPITAL,GENERAL ACUTE CARE,325,2
LAHEY CLINIC MEDICAL CENTER,GENERAL ACUTE CARE,327,2
NORWALK HOSPITAL ASSOCIATION,GENERAL ACUTE CARE,328,2
SUTTER ROSEVILLE MEDICAL CENTER,GENERAL ACUTE CARE,328,2
SSM ST. JOSEPH HEALTH CENTER,GENERAL ACUTE CARE,331,2
FREEMAN HOSPITAL WEST,GENERAL ACUTE CARE,339,2
HENRICO DOCTORS' HOSPITAL,GENERAL ACUTE CARE,340,2
MISSION HOSPITAL REGIONAL MEDICAL CENTER,GENERAL ACUTE CARE,345,2
WELLMONT BRISTOL REGIONAL MEDICAL CENTER,GENERAL ACUTE CARE,348,2
MOSAIC LIFE CARE AT ST. JOSEPH,GENERAL ACUTE CARE,352,2
WATERBURY HOSPITAL,GENERAL ACUTE CARE,357,2
MERCY SAN JUAN HOSPITAL,GENERAL ACUTE CARE,370,2
DANBURY HOSPITAL,GENERAL ACUTE CARE,371,2
RIVERSIDE COMMUNITY HOSPITAL,GENERAL ACUTE CARE,373,2
PROVIDENCE HOLY CROSS MEDICAL CENTER,GENERAL ACUTE CARE,377,2
ESSENTIA HEALTH ST MARYS MED,GENERAL ACUTE CARE,380,2
SANFORD MEDICAL CENTER FARGO,GENERAL ACUTE CARE,380,2
SINAI-GRACE HOSPITAL,GENERAL ACUTE CARE,383,2
BRIDGEPORT HOSPITAL,GENERAL ACUTE CARE,383,2
SACRED HEART MEDICAL CENTER RIVERBEND,GENERAL ACUTE CARE,383,2
ST. FRANCIS MEDICAL CENTER,GENERAL ACUTE CARE,384,2
CENTRA LYNCHBURG GENERAL HOSPITAL,GENERAL ACUTE CARE,385,2
DESERT REGIONAL MEDICAL CENTER,GENERAL ACUTE CARE,385,2
ST. MARY MEDICAL CENTER,GENERAL ACUTE CARE,389,2
ST MARY'S MEDICAL CENTER,GENERAL ACUTE CARE,393,2
DOCTORS MEDICAL CENTER,GENERAL ACUTE CARE,394,2
CHILDREN'S HOSPITAL BOSTON,GENERAL ACUTE CARE,395,2
MEDICAL CENTER HOSPITAL,GENERAL ACUTE CARE,402,2
VALLEY HEALTH WINCHESTER MEDICAL CENTER,GENERAL ACUTE CARE,411,2
SANTA BARBARA COTTAGE HOSPITAL,GENERAL ACUTE CARE,412,2
TUFTS MEDICAL CENTER,GENERAL ACUTE CARE,415,2
ANTELOPE VALLEY HOSPITAL,GENERAL ACUTE CARE,420,2
MARY WASHINGTON HOSPITAL,GENERAL ACUTE CARE,420,2
MEMORIAL HOSPITAL MEDICAL CENTER - MODESTO,GENERAL ACUTE CARE,423,2
ANMED HEALTH MEDICAL CENTER,GENERAL ACUTE CARE,423,2
GOOD SHEPHERD MEDICAL CENTER,GENERAL ACUTE CARE,425,2
COOK CHILDREN'S MEDICAL CENTER,CHILDREN,430,2
SCRIPPS MEMORIAL HOSPITAL - LA JOLLA,GENERAL ACUTE CARE,444,2
MEMORIAL HOSPITAL AT GULFPORT,GENERAL ACUTE CARE,445,2
NORTH KANSAS CITY HOSPITAL,GENERAL ACUTE CARE,451,2
SOUTH NASSAU COMMUNITIES HOSPITAL,GENERAL ACUTE CARE,455,2
ARROWHEAD REGIONAL MEDICAL CENTER,GENERAL ACUTE CARE,456,2
CJW MEDICAL CENTER CHIPPENHAM CAMPUS,GENERAL ACUTE CARE,466,2
ST VINCENT'S MEDICAL CENTER,GENERAL ACUTE CARE,473,2
CHRISTUS MOTHER FRANCES HOSPITAL - TYLER,GENERAL ACUTE CARE,474,2
SSM DEPAUL HEALTH CENTER,GENERAL ACUTE CARE,476,2
ST CLOUD HOSPITAL,GENERAL ACUTE CARE,485,2
MEDICAL CENTER OF PLANO,GENERAL ACUTE CARE,493,2
QUEENS MEDICAL CENTER,GENERAL ACUTE CARE,495,2
MOUNT SINAI ST. LUKE'S,GENERAL ACUTE CARE,495,2
MINISTRY SAINT JOSEPHS HOSPITAL,GENERAL ACUTE CARE,504,2
YALE-NEW HAVEN HOSPITAL SAINT RAPHAEL CAMPUS,GENERAL ACUTE CARE,511,2
FORREST GENERAL HOSPITAL,GENERAL ACUTE CARE,512,2
ST VINCENT HSPTL,GENERAL ACUTE CARE,517,2
COVENANT MEDICAL CENTER,GENERAL ACUTE CARE,525,2
JOHN MUIR MEDICAL CENTER-WALNUT CREEK CAMPUS,GENERAL ACUTE CARE,554,2
ATLANTICARE REGIONAL MEDICAL CENTER,GENERAL ACUTE CARE,567,2
RENOWN REGIONAL MEDICAL CENTER,GENERAL ACUTE CARE,608,2
JERSEY SHORE MEDICAL CENTER,GENERAL ACUTE CARE,614,2
ST FRANCIS HOSPITAL & MEDICAL CENTER,GENERAL ACUTE CARE,617,2
HUNTINGTON MEMORIAL HOSPITAL,GENERAL ACUTE CARE,625,2
SUNRISE HOSPITAL AND MEDICAL CENTER,GENERAL ACUTE CARE,641,2
NORTH MS MEDICAL CENTER,GENERAL ACUTE CARE,650,2
SAINT JOSEPHS REGIONAL MEDICAL CENTER,GENERAL ACUTE CARE,651,2
SHARP MEMORIAL HOSPITAL,GENERAL ACUTE CARE,656,2
MERCY MEDICAL CENTER-DES MOINES,GENERAL ACUTE CARE,656,2
TEXAS HEALTH HARRIS METHODIST HOSPITAL FORT WORTH,GENERAL ACUTE CARE,726,2
ST. ANTHONY'S MEDICAL CENTER,GENERAL ACUTE CARE,767,2
HACKENSACK UNIVERSITY MEDICAL CENTER,GENERAL ACUTE CARE,775,2
ST JOSEPH'S HOSPITAL,GENERAL ACUTE CARE,780,2
RADY CHILDREN'S HOSPITAL - SAN DIEGO,CHILDREN,522,2
RIVERSIDE COUNTY REGIONAL MEDICAL CENTER,GENERAL ACUTE CARE,362,2
NORTHRIDGE HOSPITAL MEDICAL CENTER,GENERAL ACUTE CARE,417,2
LONG BEACH MEMORIAL MEDICAL CENTER,GENERAL ACUTE CARE,458,2
LITTLETON REGIONAL HEALTHCARE,GENERAL ACUTE CARE,25,3
ANDROSCOGGIN VALLEY HOSPITAL,GENERAL ACUTE CARE,25,3
COTTAGE HOSPITAL,GENERAL ACUTE CARE,25,3
WEEKS MEDICAL CENTER,GENERAL ACUTE CARE,25,3
MEMORIAL HOSPITAL,GENERAL ACUTE CARE,25,3
FAIRCHILD MEDICAL CENTER,GENERAL ACUTE CARE,28,3
MERCY MEDICAL CENTER MT. SHASTA,GENERAL ACUTE CARE,33,3
CASS REGIONAL MEDICAL CENTER,CRITICAL ACCESS,35,3
D. W. MCMILLAN MEMORIAL HOSPITAL,GENERAL ACUTE CARE,49,3
FREEMAN NEOSHO HOSPITAL,CRITICAL ACCESS,49,3
LEE'S SUMMIT MEDICAL CENTER,GENERAL ACUTE CARE,64,3
HUTCHINSON AREA HEALTH CARE,GENERAL ACUTE CARE,66,3
ATHENS LIMESTONE HOSPITAL,GENERAL ACUTE CARE,71,3
BELTON REGIONAL MEDICAL CENTER,GENERAL ACUTE CARE,71,3
STARR REGIONAL MEDICAL CENTER ETOWAH,GENERAL ACUTE CARE,72,3
ST. ELIZABETH COMMUNITY HOSPITAL,GENERAL ACUTE CARE,76,3
LIVINGSTON REGIONAL HOSPITAL,GENERAL ACUTE CARE,82,3
GHS GREER MEMORIAL HOSPITAL,GENERAL ACUTE CARE,82,3
CITIZENS MEMORIAL HOSPITAL,GENERAL ACUTE CARE,86,3
PARKLAND MEDICAL CENTER,GENERAL ACUTE CARE,86,3
MARSHALL MEDICAL CENTER NORTH,GENERAL ACUTE CARE,90,3
NORTHEAST REGIONAL MEDICAL CENTER,GENERAL ACUTE CARE,93,3
OCH REGIONAL MEDICAL CENTER,GENERAL ACUTE CARE,96,3
RIVERVIEW HSPTL ASSOC,GENERAL ACUTE CARE,99,3
GERALD CHAMPION REGIONAL MEDICAL CENTER,GENERAL ACUTE CARE,99,3
BAY AREA MED CTR,GENERAL ACUTE CARE,99,3
DECATUR MORGAN HOSPITAL - PARKWAY CAMPUS,GENERAL ACUTE CARE,108,3
LAKE REGION HEALTHCARE CORP,GENERAL ACUTE CARE,108,3
CARLSBAD MEDICAL CENTER,GENERAL ACUTE CARE,112,3
MARSHALL  MEDICAL CENTER (1-RH),GENERAL ACUTE CARE,113,3
CULLMAN REGIONAL MEDICAL CENTER,GENERAL ACUTE CARE,115,3
SSM ST. JOSEPH HOSPITAL WEST,GENERAL ACUTE CARE,115,3
LAKE REGIONAL HEALTH SYSTEM,GENERAL ACUTE CARE,116,3
CAROLINA PINES REGIONAL MEDICAL CENTER,GENERAL ACUTE CARE,116,3
TRIOS WOMEN'S AND CHILDREN'S HOSPITAL,GENERAL ACUTE CARE,119,3
ANNA JAQUES HOSPITAL,GENERAL ACUTE CARE,123,3
GARDEN PARK MEDICAL CENTER,GENERAL ACUTE CARE,130,3
EAST COOPER MEDICAL CENTER,GENERAL ACUTE CARE,130,3
SOUTHWEST HEALTHCARE SYSTEM-WILDOMAR,GENERAL ACUTE CARE,132,3
NORTH BAY MEDICAL CENTER,GENERAL ACUTE CARE,132,3
OROVILLE HOSPITAL,GENERAL ACUTE CARE,133,3
CARILION NEW RIVER VALLEY MEDICAL CENTER,GENERAL ACUTE CARE,134,3
OCEAN SPRINGS HOSPITAL,GENERAL ACUTE CARE,136,3
LAKES REGION GENERAL HOSPITAL,GENERAL ACUTE CARE,137,3
KAISER FOUNDATION HOSPITAL - VACAVILLE,GENERAL ACUTE CARE,140,3
LEWISGALE HOSPITAL MONTGOMERY,GENERAL ACUTE CARE,146,3
CRESTWOOD MEDICAL CENTER,GENERAL ACUTE CARE,147,3
MERCY HOSPITAL WASHINGTON,GENERAL ACUTE CARE,150,3
SOUTHWEST MS REGIONAL MEDICAL CENTER,GENERAL ACUTE CARE,160,3
MERIT HEALTH RIVER OAKS,GENERAL ACUTE CARE,160,3
UPMC NORTHWEST - SENECA,GENERAL ACUTE CARE,164,3
CHESHIRE MEDICAL CENTER,GENERAL ACUTE CARE,169,3
RIDEOUT MEMORIAL HOSPITAL,GENERAL ACUTE CARE,173,3
LAWRENCE GENERAL HOSPITAL,GENERAL ACUTE CARE,189,3
STARR REGIONAL MEDICAL CENTER,GENERAL ACUTE CARE,190,3
SAN JUAN REGIONAL MEDICAL CENTER,GENERAL ACUTE CARE,194,3
BEAUFORT MEMORIAL HOSPITAL,GENERAL ACUTE CARE,197,3
MERIT HEALTH BILOXI,GENERAL ACUTE CARE,198,3
MAGNOLIA REGIONAL HEALTH CENTER,GENERAL ACUTE CARE,200,3
ST LUKE'S EAST HOSPITAL LEE'S SUMMIT,GENERAL ACUTE CARE,201,3
BON SECOURS-ST FRANCIS XAVIER HOSPITAL,GENERAL ACUTE CARE,204,3
CONWAY MEDICAL CENTER,GENERAL ACUTE CARE,210,3
QUEEN OF THE VALLEY HOSPITAL - NAPA,GENERAL ACUTE CARE,211,3
WILLIAM W BACKUS HOSPITAL,GENERAL ACUTE CARE,213,3
RUSH FOUNDATION HOSPITAL,GENERAL ACUTE CARE,215,3
NACOGDOCHES MEMORIAL HOSPITAL,GENERAL ACUTE CARE,216,3
BAPTIST MEMORIAL HOSPITAL - NORTH MS,GENERAL ACUTE CARE,217,3
HOLY FAMILY HOSPITAL AND MEDICAL CENTER,GENERAL ACUTE CARE,223,3
DELTA REGIONAL MEDICAL CENTER,GENERAL ACUTE CARE,227,3
NORTHEAST HOSPITAL CORPORATION - BEVERLY CAMPUS,GENERAL ACUTE CARE,227,3
POUDRE VALLEY HOSPITAL,GENERAL ACUTE CARE,232,3
MARIN GENERAL HOSPITAL,GENERAL ACUTE CARE,235,3
LOWELL GENERAL HOSPITAL,GENERAL ACUTE CARE,239,3
PHELPS COUNTY REGIONAL MEDICAL CENTER,GENERAL ACUTE CARE,242,3
SHASTA REGIONAL MEDICAL CENTER,GENERAL ACUTE CARE,246,3
SHELBY BAPTIST MEDICAL CENTER,GENERAL ACUTE CARE,252,3
ANDERSON REGIONAL MEDICAL CENTER,GENERAL ACUTE CARE,260,3
WALKER BAPTIST MEDICAL CENTER,GENERAL ACUTE CARE,267,3
NORTH SHORE MEDICAL CENTER  - SALEM CAMPUS,GENERAL ACUTE CARE,268,3
MAYO CLINIC HEALTH SYS MANKATO,GENERAL ACUTE CARE,272,3
CAMDEN CLARK MEDICAL CENTER,GENERAL ACUTE CARE,273,3
SENTARA VIRGINIA BEACH GENERAL HOSPITAL,GENERAL ACUTE CARE,282,3
SOUTH CENTRAL REGIONAL MEDICAL CENTER,GENERAL ACUTE CARE,285,3
REGIONAL MEDICAL CENTER OF ORANGEBURG & CALHOUN COUNTIES,GENERAL ACUTE CARE,286,3
PIEDMONT MEDICAL CENTER,GENERAL ACUTE CARE,288,3
SAINT FRANCIS MEDICAL CENTER,GENERAL ACUTE CARE,289,3
CJW MEDICAL CENTER JOHNSTON WILLIS CAMPUS,GENERAL ACUTE CARE,292,3
SOUTHSIDE REGIONAL MEDICAL CENTER,GENERAL ACUTE CARE,300,3
GRAND STRAND REGIONAL MEDICAL CENTER,GENERAL ACUTE CARE,301,3
SAINT ALPHONSUS MEDICAL CENTER,GENERAL ACUTE CARE,303,3
CAROLINAS HOSPITAL SYSTEM,GENERAL ACUTE CARE,310,3
TRIDENT MEDICAL CENTER,GENERAL ACUTE CARE,313,3
WHEATON FRANCISCAN HEALTHCARE- ALL SAINTS,GENERAL ACUTE CARE,314,3
BAPTIST MEMORIAL HOSPITAL - GOLDEN TRIANGLE,GENERAL ACUTE CARE,315,3
BLOUNT MEMORIAL HOSPITAL,GENERAL ACUTE CARE,316,3
MERIT HEALTH CENTRAL,GENERAL ACUTE CARE,319,3
ELIZA COFFEE MEMORIAL HOSPITAL,GENERAL ACUTE CARE,328,3
BAPTIST MEMORIAL HOSPITAL - DESOTO,GENERAL ACUTE CARE,339,3
PROVIDENCE HOSPITAL,GENERAL ACUTE CARE,349,3
SELF REGIONAL HEALTHCARE,GENERAL ACUTE CARE,354,3
ST. VINCENT'S EAST,GENERAL ACUTE CARE,362,3
ROPER HOSPITAL,GENERAL ACUTE CARE,368,3
WESTERN MARYLAND REGIONAL MEDICAL CENTER,GENERAL ACUTE CARE,371,3
KAWEAH DELTA MEDICAL CENTER,GENERAL ACUTE CARE,403,3
ST. VINCENT'S BIRMINGHAM,GENERAL ACUTE CARE,409,3
MERITER HSPTL,GENERAL ACUTE CARE,426,3
PARK NICOLLET METHODIST HOSP,GENERAL ACUTE CARE,426,3
LEXINGTON MEDICAL CENTER,GENERAL ACUTE CARE,428,3
SINGING RIVER HOSPITAL,GENERAL ACUTE CARE,435,3
MCLEOD REGIONAL MEDICAL CENTER,GENERAL ACUTE CARE,453,3
BAPTIST MEDICAL CENTER - PRINCETON,GENERAL ACUTE CARE,505,3
BROOKWOOD MEDICAL CENTER,GENERAL ACUTE CARE,607,3
MEDICAL CITY DALLAS HOSPITAL,GENERAL ACUTE CARE,797,3
UNIVERSITY OF MN MED CTR,GENERAL ACUTE CARE,825,3
GREENE COUNTY HOSPITAL,CRITICAL ACCESS,7,4
MADISON HOSPITAL,CRITICAL ACCESS,12,4
SISTERSVILLE GENERAL HOSPITAL,CRITICAL ACCESS,12,4
IRAAN GENERAL HOSPITAL,GENERAL ACUTE CARE,14,4
TALLAHATCHIE GENERAL HOSPITAL,CRITICAL ACCESS,18,4
MAYO CLINIC HEALTH SYS L C,CRITICAL ACCESS,18,4
PERRY COUNTY GENERAL HOSPITAL,CRITICAL ACCESS,22,4
LADD MEMORIAL HOSPITAL,CRITICAL ACCESS,23,4
HARDEMAN COUNTY MEMORIAL HOSPITAL,CRITICAL ACCESS,24,4
CALHOUN HEALTH SERVICES,GENERAL ACUTE CARE,25,4
TIPPAH COUNTY HOSPITAL,GENERAL ACUTE CARE,25,4
MERCY HOSPITAL,CRITICAL ACCESS,25,4
FIELD MEMORIAL COMMUNITY HOSPITAL,CRITICAL ACCESS,25,4
TYLER HOLMES MEMORIAL HOSPITAL,CRITICAL ACCESS,25,4
HOLMES COUNTY HOSPITAL & CLINICS,CRITICAL ACCESS,25,4
CHOCTAW REGIONAL MEDICAL CENTER,CRITICAL ACCESS,25,4
SCOTT REGIONAL HOSPITAL,CRITICAL ACCESS,25,4
BOONE MEMORIAL HOSPITAL,CRITICAL ACCESS,25,4
FRANKLIN COUNTY MEMORIAL HOSPITAL,CRITICAL ACCESS,25,4
JACKSON COUNTY HOSPITAL,CRITICAL ACCESS,25,4
LAWRENCE COUNTY HOSPITAL,CRITICAL ACCESS,25,4
EAST TEXAS MEDICAL CENTER - QUITMAN,CRITICAL ACCESS,25,4
H. C. WATKINS MEMORIAL HOSPITAL,CRITICAL ACCESS,25,4
STONE COUNTY HOSPITAL,CRITICAL ACCESS,25,4
SUMMIT PACIFIC MEDICAL CENTER,CRITICAL ACCESS,25,4
PRESTON MEMORIAL HOSPITAL,CRITICAL ACCESS,25,4
CROSSING RIVERS HEALTH MEDICAL CENTER,CRITICAL ACCESS,25,4
PONTOTOC HEALTH SERVICES,CRITICAL ACCESS,25,4
SANFORD TRACY MEDICAL CENTER,CRITICAL ACCESS,25,4
BAPTIST MEDICAL CENTER - ATTALA,CRITICAL ACCESS,25,4
BAPTIST MEDICAL CENTER YAZOO,CRITICAL ACCESS,25,4
NOXUBEE GENERAL CRITICAL ACCESS HOSPITAL,CRITICAL ACCESS,25,4
JEFFERSON MEDICAL CENTER,CRITICAL ACCESS,25,4
LAIRD HOSPITAL,CRITICAL ACCESS,25,4
BRAXTON COUNTY MEMORIAL HOSPITAL,CRITICAL ACCESS,25,4
SENECA HEALTHCARE DISTRICT,GENERAL ACUTE CARE,26,4
MT EDGECUMBE HOSPITAL - SEARHC,CRITICAL ACCESS,27,4
PIONEER HEALTH SERVICES OF NEWTON COUNTY,GENERAL ACUTE CARE,30,4
ROOSEVELT GENERAL HOSPITAL,GENERAL ACUTE CARE,30,4
SUTTER LAKESIDE HOSPITAL,GENERAL ACUTE CARE,30,4
QUITMAN COUNTY HOSPITAL,GENERAL ACUTE CARE,33,4
GONZALES MEMORIAL HOSPITAL,GENERAL ACUTE CARE,34,4
COVINGTON COUNTY HOSPITAL,GENERAL ACUTE CARE,35,4
SIMPSON GENERAL HOSPITAL,GENERAL ACUTE CARE,35,4
PIONEER COMMUNITY HOSPITAL OF ABERDEEN,GENERAL ACUTE CARE,35,4
NORTH SUNFLOWER MEDICAL CENTER,GENERAL ACUTE CARE,35,4
S. E. LACKEY CRITICAL ACCESS HOSPITAL & SWINGBED,CRITICAL ACCESS,35,4
JEFFERSON DAVIS COMMUNITY HOSPITAL,CRITICAL ACCESS,35,4
FALLS COMMUNITY HOSPITAL AND CLINIC,GENERAL ACUTE CARE,36,4
NOCONA GENERAL HOSPITAL,GENERAL ACUTE CARE,38,4
"WEBSTER HEALTH SERVICES, INC",GENERAL ACUTE CARE,38,4
ALLIANCE HEALTHCARE SYSTEM,GENERAL ACUTE CARE,40,4
WINSTON MEDICAL CETNER,GENERAL ACUTE CARE,41,4
MINNIE HAMILTON HEALTH CARE CENTER,CRITICAL ACCESS,42,4
THREE RIVERS HOSPITAL,CRITICAL ACCESS,44,4
ORCHARD HOSPITAL,GENERAL ACUTE CARE,45,4
GLENN MEDICAL CENTER,GENERAL ACUTE CARE,47,4
COLUSA REGIONAL MEDICAL CENTER,GENERAL ACUTE CARE,48,4
GEORGE REGIONAL HOSPITAL,GENERAL ACUTE CARE,48,4
NESHOBA COUNTY GENERAL HOSPITAL,GENERAL ACUTE CARE,48,4
"TISHOMINGO HEALTH SERVICES, INC",GENERAL ACUTE CARE,48,4
SEYMOUR HOSPITAL,GENERAL ACUTE CARE,49,4
MARION GENERAL HOSPITAL,GENERAL ACUTE CARE,49,4
SUTTER COAST HOSPITAL,GENERAL ACUTE CARE,49,4
MCHS NEW PRAGUE,CRITICAL ACCESS,49,4
ST JOSEPH HOSPITAL,CRITICAL ACCESS,51,4
WETZEL COUNTY HOSPITAL,GENERAL ACUTE CARE,58,4
CLAY COUNTY MEDICAL CORPORATION,GENERAL ACUTE CARE,60,4
HIGHLAND COMMUNITY HOSPITAL,GENERAL ACUTE CARE,60,4
ROANE GENERAL HOSPITAL,CRITICAL ACCESS,60,4
OLMSTED MEDICAL CENTER,GENERAL ACUTE CARE,61,4
MAGEE GENERAL HOSPITAL,GENERAL ACUTE CARE,64,4
METHODIST HEALTH CARE - OLIVE BRANCH HOSPITAL,GENERAL ACUTE CARE,67,4
MERIT HEALTH MADISON,GENERAL ACUTE CARE,67,4
ANDERSON REGIONAL MEDICAL CENTER SOUTH,GENERAL ACUTE CARE,69,4
WAYNE GENERAL HOSPITAL,GENERAL ACUTE CARE,80,4
TRACE REGIONAL HOSPITAL,GENERAL ACUTE CARE,84,4
MERIT HEALTH GILMORE MEMORIAL,GENERAL ACUTE CARE,95,4
KING'S DAUGHTERS MEDICAL CENTER,GENERAL ACUTE CARE,99,4
HANCOCK MEDICAL CENTER,GENERAL ACUTE CARE,102,4
SUMMERSVILLE REGIONAL MEDICAL CENTER,GENERAL ACUTE CARE,105,4
PIONEERS MEMORIAL HOSPITAL,GENERAL ACUTE CARE,107,4
MERIT HEALTH BATESVILLE,GENERAL ACUTE CARE,112,4
HARLINGEN MEDICAL CENTER,GENERAL ACUTE CARE,112,4
BAPTIST MEMORIAL HOSPITAL-BOONEVILLE,GENERAL ACUTE CARE,114,4
AURORA MEMORIAL HSPTL BURLINGTON,GENERAL ACUTE CARE,123,4
REYNOLDS MEMORIAL HOSPITAL,GENERAL ACUTE CARE,127,4
MERIT HEALTH RANKIN,GENERAL ACUTE CARE,134,4
LOGAN REGIONAL MEDICAL CENTER,GENERAL ACUTE CARE,140,4
BAPTIST MEMORIAL HOSPITAL - UNION COUNTY,GENERAL ACUTE CARE,153,4
UNIVERSITY OF MISSISSIPPI MEDICAL CENTER - GRENADA,GENERAL ACUTE CARE,156,4
EL CENTRO REGIONAL MEDICAL CENTER,GENERAL ACUTE CARE,161,4
BOLIVAR MEDICAL CENTER,GENERAL ACUTE CARE,165,4
BECKLEY ARH HOSPITAL,GENERAL ACUTE CARE,173,4
MERIT HEALTH NATCHEZ,GENERAL ACUTE CARE,179,4
MERIT HEALTH NORTHWEST MISSISSIPPI,GENERAL ACUTE CARE,181,4
PLEASANT VALLEY HOSPITAL,GENERAL ACUTE CARE,201,4
GREENWOOD LEFLORE HOSPITAL,GENERAL ACUTE CARE,208,4
MERIT HEALTH WESLEY,GENERAL ACUTE CARE,211,4
WEIRTON MEDICAL CENTER,GENERAL ACUTE CARE,238,4
BERKELEY MEDICAL CENTER,GENERAL ACUTE CARE,241,4
THOMAS MEMORIAL HOSPITAL,GENERAL ACUTE CARE,260,4
PRINCETON COMMUNITY HOSPITAL,GENERAL ACUTE CARE,267,4
FAIRMONT GENERAL HOSPITAL,GENERAL ACUTE CARE,268,4
RALEIGH GENERAL HOSPITAL,GENERAL ACUTE CARE,300,4
MERIT HEALTH RIVER REGION,GENERAL ACUTE CARE,361,4
AURORA SINAI MEDICAL CENTER,GENERAL ACUTE CARE,386,4
COLUMBIA ST MARYS HOSPITAL MILWAUKEE,GENERAL ACUTE CARE,422,4
ST. DOMINIC-JACKSON MEMORIAL HOSPITAL,GENERAL ACUTE CARE,535,4
UNITED HOSPITAL,GENERAL ACUTE CARE,546,4
MS BAPTIST MEDICAL CENTER,GENERAL ACUTE CARE,638,4
INTERMOUNTAIN MEDICAL CENTER,GENERAL ACUTE CARE,452,1
OGDEN REGIONAL MEDICAL CENTER,GENERAL ACUTE CARE,167,2
MCKAY-DEE HOSPITAL CENTER,GENERAL ACUTE CARE,310,2
UTAH VALLEY REGIONAL MEDICAL CENTER,GENERAL ACUTE CARE,367,2
LAKEVIEW HOSPITAL,GENERAL ACUTE CARE,119,3
LOGAN REGIONAL HOSPITAL,GENERAL ACUTE CARE,135,3
JORDAN VALLEY MEDICAL CENTER,GENERAL ACUTE CARE,183,3
ST. MARKS HOSPITAL,GENERAL ACUTE CARE,317,3
BEAR RIVER VALLEY HOSPITAL,GENERAL ACUTE CARE,14,4
CACHE VALLEY SPECIALTY HOSPITAL,GENERAL ACUTE CARE,15,4
SANPETE VALLEY HOSPITAL,CRITICAL ACCESS,18,4
PARK CITY MEDICAL CENTER,GENERAL ACUTE CARE,26,4
BRIGHAM CITY COMMUNITY HOSPITAL,GENERAL ACUTE CARE,39,4
AMERICAN FORK HOSPITAL,GENERAL ACUTE CARE,88,4
MOUNTAIN VIEW HOSPITAL,GENERAL ACUTE CARE,114,4
TIMPANOGOS REGIONAL HOSPITAL,GENERAL ACUTE CARE,117,4
FAIRBANKS MEMORIAL HOSPITAL,GENERAL ACUTE CARE,217,4
DELTA COMMUNITY MEDICAL CENTER,CRITICAL ACCESS,18,5
FILLMORE COMMUNITY MEDICAL CENTER,CRITICAL ACCESS,19,5
HEBER VALLEY MEDICAL CENTER,CRITICAL ACCESS,19,5
MOUNTAIN VIEW REGIONAL HOSPITAL,GENERAL ACUTE CARE,23,1
IVINSON MEMORIAL HOSPITAL,GENERAL ACUTE CARE,99,1
LEHIGH VALLEY HOSPITAL HAZLETON,GENERAL ACUTE CARE,150,1
ABRAZO WEST CAMPUS,GENERAL ACUTE CARE,188,1
CENTURA HEALTH - ST ANTHONY HOSPITAL,CHILDREN,222,1
SAINT ANTHONY MEDICAL CENTER,GENERAL ACUTE CARE,235,1
PRESENCE ST FRANCIS HOSPITAL,GENERAL ACUTE CARE,244,1
DELL CHILDREN'S MEDICAL CENTER,CHILDREN,248,1
JOHN C. LINCOLN NORTH MOUNTAIN HOSPITAL,GENERAL ACUTE CARE,262,1
FLAGSTAFF MEDICAL CENTER,GENERAL ACUTE CARE,267,1
DETROIT RECEIVING HOSPITAL & UNIV HEALTH CENTER,GENERAL ACUTE CARE,273,1
ADVOCATE CONDELL MEDICAL CENTER,GENERAL ACUTE CARE,279,1
PRIMARY CHILDREN'S MEDICAL CENTER,CHILDREN,289,1
CHILDRENS HOSPITAL OF PITTSBURGH,GENERAL ACUTE CARE,296,1
ROCKFORD MEMORIAL HOSPITAL,GENERAL ACUTE CARE,297,1
PENN PRESBYTERIAN MEDICAL CENTER,GENERAL ACUTE CARE,305,1
UNIVERSITY OF TOLEDO MEDICAL CENTER,GENERAL ACUTE CARE,319,1
THE CARLE FOUNDATION HOSPITAL,GENERAL ACUTE CARE,322,1
ADVOCATE GOOD SAMARITAN HOSPITAL,GENERAL ACUTE CARE,326,1
ADVOCATE ILLINOIS MASONIC MEDICAL CENTER,GENERAL ACUTE CARE,330,1
CHI HEALTH CREIGHTON UNIVERSITY MEDICAL CENTER,GENERAL ACUTE CARE,334,1
SCOTTSDALE HEALTHCARE OSBORN,GENERAL ACUTE CARE,340,1
UNIVERSITY OF TEXAS MEDICAL BRANCH HOSPITAL,GENERAL ACUTE CARE,370,1
ST MARY MEDICAL CENTER,GENERAL ACUTE CARE,374,1
PHOENIX CHILDREN'S HOSPITAL,CHILDREN,391,1
UAMS MEDICAL CENTER,GENERAL ACUTE CARE,400,1
GEISINGER MEDICAL CENTER,GENERAL ACUTE CARE,404,1
LEGACY EMANUEL MEDICAL CENTER,GENERAL ACUTE CARE,407,1
EAST TEXAS MEDICAL CENTER,GENERAL ACUTE CARE,427,1
BRONSON METHODIST HOSPITAL,GENERAL ACUTE CARE,434,1
CAROMONT REGIONAL MEDICAL CENTER,GENERAL ACUTE CARE,435,1
ST MARY'S MEDICAL CENTER,GENERAL ACUTE CARE,464,1
MEMORIAL MEDICAL CENTER,GENERAL ACUTE CARE,473,1
ST LUKES UNIVERSITY HOSPITAL - BETHLEHEM,GENERAL ACUTE CARE,480,1
MILTON S HERSHEY MEDICAL CENTER,GENERAL ACUTE CARE,484,1
LOYOLA UNIVERSITY MEDICAL CENTER,GENERAL ACUTE CARE,485,1
CONEMAUGH MEMORIAL HOSPITAL,GENERAL ACUTE CARE,486,1
DELRAY MEDICAL CENTER,GENERAL ACUTE CARE,493,1
UPMC MERCY,GENERAL ACUTE CARE,495,1
HAHNEMANN UNIVERSITY HOSPITAL,GENERAL ACUTE CARE,496,1
MARICOPA MEDICAL CENTER,GENERAL ACUTE CARE,500,1
UNIVERSITY HEALTH SHREVEPORT,GENERAL ACUTE CARE,502,1
REX HOSPITAL,GENERAL ACUTE CARE,514,1
OHSU HOSPITAL AND CLINICS,GENERAL ACUTE CARE,522,1
UNIVERSITY OF UTAH HOSPITAL,GENERAL ACUTE CARE,526,1
"MEMORIAL HEALTH UNIV MED CEN, INC",GENERAL ACUTE CARE,530,1
AKRON GENERAL MEDICAL CENTER,GENERAL ACUTE CARE,532,1
MERCY ST VINCENT MEDICAL CENTER,GENERAL ACUTE CARE,568,1
YORK HOSPITAL,GENERAL ACUTE CARE,572,1
METHODIST DALLAS MEDICAL CENTER,GENERAL ACUTE CARE,585,1
WESLEY MEDICAL CENTER,GENERAL ACUTE CARE,595,1
THE NEBRASKA MEDICAL CENTER,GENERAL ACUTE CARE,606,1
ST. JOSEPH'S HOSPITAL MEDICAL CENTER,GENERAL ACUTE CARE,607,1
ADVOCATE LUTHERAN GENERAL HOSPITAL,GENERAL ACUTE CARE,624,1
ST ELIZABETH HEALTH CENTER,GENERAL ACUTE CARE,626,1
AU MEDICAL CENTER,GENERAL ACUTE CARE,632,1
GRANT MEDICAL CENTER,GENERAL ACUTE CARE,636,1
MEDICAL CENTER OF CENTRAL GEORGIA,GENERAL ACUTE CARE,637,1
EDWARD W SPARROW HOSPITAL,GENERAL ACUTE CARE,638,1
BANNER - UNIVERSITY MEDICAL CENTER PHOENIX CAMPUS,GENERAL ACUTE CARE,640,1
ALLEGHENY GENERAL HOSPITAL,GENERAL ACUTE CARE,648,1
BROWARD HEALTH MEDICAL CENTER,GENERAL ACUTE CARE,656,1
SUMMA HEALTH SYSTEMS AKRON HOSPITAL,GENERAL ACUTE CARE,657,1
ADVOCATE CHRIST HOSPITAL & MEDICAL CENTER,GENERAL ACUTE CARE,684,1
EVANSTON HOSPITAL,GENERAL ACUTE CARE,690,1
UF HEALTH JACKSONVILLE,GENERAL ACUTE CARE,695,1
"UNIVERSITY OF CINCINNATI MEDICAL CENTER, LLC",GENERAL ACUTE CARE,699,1
MEMORIAL REGIONAL HOSPITAL,GENERAL ACUTE CARE,713,1
TEMPLE UNIVERSITY HOSPITAL,GENERAL ACUTE CARE,728,1
OU MEDICAL CENTER,GENERAL ACUTE CARE,756,1
UNIVERSITY OF KANSAS HOSPITAL,GENERAL ACUTE CARE,756,1
WELLSTAR ATLANTA MEDICAL CENTER,GENERAL ACUTE CARE,762,1
ALBERT EINSTEIN MEDICAL CENTER,GENERAL ACUTE CARE,772,1
ORLANDO REGIONAL MEDICAL CENTER,GENERAL ACUTE CARE,794,1
LEHIGH VALLEY HOSPITAL,GENERAL ACUTE CARE,797,1
UNIVERSITY OF MARYLAND MEDICAL CENTER,GENERAL ACUTE CARE,800,1
NORTH CAROLINA BAPTIST HOSPITAL,GENERAL ACUTE CARE,872,1
HENRY FORD HOSPITAL,GENERAL ACUTE CARE,877,1
NORTHWESTERN MEMORIAL HOSPITAL,GENERAL ACUTE CARE,885,1
UNIVERSITY OF NORTH CAROLINA HOSPITALS,GENERAL ACUTE CARE,896,1
DUKE UNIVERSITY HOSPITAL,GENERAL ACUTE CARE,943,1
SHANDS HOSPITAL,GENERAL ACUTE CARE,946,1
JOHNS HOPKINS HOSPITAL,GENERAL ACUTE CARE,951,1
GRADY MEMORIAL HOSPITAL,GENERAL ACUTE CARE,953,1
THOMAS JEFFERSON UNIVERSITY HOSPITAL,GENERAL ACUTE CARE,957,1
TAMPA GENERAL HOSPITAL,GENERAL ACUTE CARE,1018,1
OHIO STATE UNIVERSITY HOSPITALS,GENERAL ACUTE CARE,1106,1
INDIANA UNIVERSITY HEALTH,GENERAL ACUTE CARE,1246,1
JACKSON MEMORIAL HOSPITAL,GENERAL ACUTE CARE,1550,1
UPMC PRESBYTERIAN,GENERAL ACUTE CARE,1592,1
METRO HEALTH MEDICAL CENTER,GENERAL ACUTE CARE,731,1
TOLEDO HOSPITAL THE,GENERAL ACUTE CARE,792,1
HARBORVIEW MEDICAL CENTER,GENERAL ACUTE CARE,413,1
HURLEY MEDICAL CENTER,GENERAL ACUTE CARE,383,1
BEAUMONT HOSPITAL ROYAL OAK,GENERAL ACUTE CARE,1070,1
JOHN H STROGER JR HOSPITAL,GENERAL ACUTE CARE,460,1
SAINT FRANCIS MEDICAL CENTER,GENERAL ACUTE CARE,631,1
CHILDREN'S HOSPITAL OF MICHIGAN,CHILDREN,228,1
SEATTLE CHILDREN'S HOSPITAL,CHILDREN,250,1
CHILDRENS HEALTHCARE OF ATLANTA - EGLESTON,CHILDREN,258,1
NICKLAUS CHILDREN'S HOSPITAL,CHILDREN,272,1
OU MEDICAL CENTER -THE CHILDREN'S HOSPITAL,CHILDREN,314,1
THE UNIVERSITY OF CHICAGO MEDICAL CENTER,GENERAL ACUTE CARE,577,1
SPECTRUM HEALTH - BUTTERWORTH CAMPUS,GENERAL ACUTE CARE,852,1
UNIVERSITY OF MICHIGAN HEALTH SYSTEM,GENERAL ACUTE CARE,1000,1
UNIVERSITY OF IOWA HOSPITAL & CLINICS,GENERAL ACUTE CARE,1103,1
KOSAIR CHILDREN'S HOSPITAL,CHILDREN,271,1
UNIVERSITY OF LOUISVILLE HOSPITAL,GENERAL ACUTE CARE,404,1
UNIVERSITY OF KY HOSPITAL,GENERAL ACUTE CARE,604,1
MORRIS HOSPITAL & HEALTHCARE CENTERS,GENERAL ACUTE CARE,89,2
ST MARY MEDICAL CENTER,GENERAL ACUTE CARE,90,2
GENESIS MEDICAL CENTER ILLINI CAMPUS,GENERAL ACUTE CARE,101,2
CENTRAL PENINSULA GENERAL HOSPITAL,GENERAL ACUTE CARE,108,2
GALESBURG COTTAGE HOSPITAL,GENERAL ACUTE CARE,119,2
CENTEGRA HEALTH SYSTEM - WOODSTOCK HOSPITAL,GENERAL ACUTE CARE,135,2
ADVENTIST GLENOAKS,GENERAL ACUTE CARE,141,2
PRESENCE ST MARYS HOSPITAL,GENERAL ACUTE CARE,143,2
ALASKA NATIVE MEDICAL CENTER - ANMC,GENERAL ACUTE CARE,148,2
ADVENTIST BOLINGBROOK HOSPITAL,GENERAL ACUTE CARE,148,2
DELNOR COMMUNITY HOSPITAL,GENERAL ACUTE CARE,159,2
GOOD SAMARITAN REGIONAL MEDICAL CENTER,GENERAL ACUTE CARE,164,2
REGIONAL WEST MEDICAL CENTER,GENERAL ACUTE CARE,166,2
ADVOCATE GOOD SHEPHERD HOSPITAL,GENERAL ACUTE CARE,169,2
CHI HEALTH GOOD SAMARITAN,GENERAL ACUTE CARE,172,2
CENTEGRA HEALTH SYSTEM - MC HENRY HOSPITAL,GENERAL ACUTE CARE,173,2
PORTNEUF MEDICAL CENTER,GENERAL ACUTE CARE,174,2
PRESENCE SAINT JOSEPH HOSPITAL,GENERAL ACUTE CARE,184,2
"MERCY HEALTH PARTNERS, HACKLEY CAMPUS",GENERAL ACUTE CARE,186,2
ADVENTIST LA GRANGE MEMORIAL HOSPITAL,GENERAL ACUTE CARE,187,2
NORTHWESTERN LAKE FOREST HOSPITAL,GENERAL ACUTE CARE,188,2
WYOMING MEDICAL CENTER,GENERAL ACUTE CARE,191,2
VISTA MEDICAL CENTER EAST,GENERAL ACUTE CARE,192,2
BEAUMONT HOSPITAL TRENTON,GENERAL ACUTE CARE,193,2
CENTURA HEALTH-ST FRANCIS MEDICAL CENTER,GENERAL ACUTE CARE,195,2
BROMENN HEALTHCARE,GENERAL ACUTE CARE,200,2
WELLSTAR NORTH FULTON HOSPITAL,GENERAL ACUTE CARE,202,2
COPLEY MEMORIAL HOSPITAL,GENERAL ACUTE CARE,210,2
CHEYENNE REGIONAL MEDICAL CENTER,GENERAL ACUTE CARE,222,2
SUBURBAN HOSPITAL,GENERAL ACUTE CARE,222,2
SANFORD BISMARCK,GENERAL ACUTE CARE,223,2
CENTRAL FLORIDA REGIONAL HOSPITAL,GENERAL ACUTE CARE,226,2
MAIN LINE PAOLI HOSPITAL,GENERAL ACUTE CARE,231,2
PRINCE GEORGES HOSPITAL CENTER,GENERAL ACUTE CARE,233,2
NORTHSHORE UNIVERSITY HEALTH SYSTEM SKOKIE HOSPITAL,GENERAL ACUTE CARE,234,2
OSCEOLA REGIONAL MEDICAL CENTER,GENERAL ACUTE CARE,235,2
GENESIS MEDICAL CENTER-DAVENPORT,GENERAL ACUTE CARE,237,2
ROBERT PACKER HOSPITAL,GENERAL ACUTE CARE,238,2
GEISINGER WYOMING VALLEY MEDICAL CENTER,GENERAL ACUTE CARE,243,2
TRINITY HOSPITALS,GENERAL ACUTE CARE,251,2
SAINT MARY'S HEALTH CARE,GENERAL ACUTE CARE,255,2
LOYOLA GOTTLIEB MEMORIAL HOSPITAL,GENERAL ACUTE CARE,255,2
ADVOCATE SHERMAN HOSPITAL,GENERAL ACUTE CARE,255,2
ARIA HEALTH TORRESDALE,GENERAL ACUTE CARE,258,2
ST CHARLES MEDICAL CENTER  BEND,GENERAL ACUTE CARE,260,2
UP HEALTH SYSTEM - MARQUETTE,GENERAL ACUTE CARE,264,2
BRYAN MEDICAL CENTER,GENERAL ACUTE CARE,266,2
ST MARY'S OF MICHIGAN MEDICAL CENTER,GENERAL ACUTE CARE,268,2
METHODIST MEDICAL CENTER OF ILLINOIS,GENERAL ACUTE CARE,269,2
ALTRU HOSPITAL,GENERAL ACUTE CARE,269,2
OCALA REGIONAL MEDICAL CENTER,GENERAL ACUTE CARE,270,2
BAY MEDICAL CENTER SACRED HEART,GENERAL ACUTE CARE,273,2
OVERLAND PARK REG MED CTR,GENERAL ACUTE CARE,276,2
ADVENTIST HINSDALE HOSPITAL,GENERAL ACUTE CARE,277,2
REGIONAL MEDICAL CENTER BAYONET POINT,GENERAL ACUTE CARE,280,2
ST ALEXIUS MEDICAL CENTER,GENERAL ACUTE CARE,283,2
FLOYD MEDICAL CENTER,GENERAL ACUTE CARE,284,2
MCLAREN OAKLAND,GENERAL ACUTE CARE,285,2
MCLAREN MACOMB,GENERAL ACUTE CARE,288,2
SILVER CROSS HOSPITAL  AND MEDICAL CENTERS,GENERAL ACUTE CARE,289,2
EASTERN IDAHO REGIONAL MEDICAL CENTER,GENERAL ACUTE CARE,289,2
CHI ST VINCENT HOSPITAL HOT SPRINGS,GENERAL ACUTE CARE,289,2
PRESENCE MERCY MEDICAL CENTER,GENERAL ACUTE CARE,293,2
BLAKE MEDICAL CENTER,GENERAL ACUTE CARE,294,2
GEISINGER COMMUNITY MEDICAL CENTER,GENERAL ACUTE CARE,297,2
KENDALL REGIONAL MEDICAL CENTER,GENERAL ACUTE CARE,300,2
NORTH COLORADO MEDICAL CENTER,GENERAL ACUTE CARE,300,2
BEAUMONT HOSPITAL FARMINGTON HILLS,GENERAL ACUTE CARE,305,2
ST ALEXIUS MEDICAL CENTER,GENERAL ACUTE CARE,305,2
MIDMICHIGAN MEDICAL CENTER-MIDLAND,GENERAL ACUTE CARE,308,2
ELMHURST MEMORIAL HOSPITAL,GENERAL ACUTE CARE,315,2
ST. JOSEPH MEDICAL CENTER,GENERAL ACUTE CARE,320,2
ST MARYS HOSPITAL AND MEDICAL CENTER,GENERAL ACUTE CARE,324,2
SWEDISH AMERICAN HOSPITAL,GENERAL ACUTE CARE,325,2
RIVERSIDE MEDICAL CENTER,GENERAL ACUTE CARE,325,2
LIMA MEMORIAL HEALTH SYSTEM,GENERAL ACUTE CARE,329,2
LAWNWOOD REGIONAL MEDICAL CENTER & HEART,GENERAL ACUTE CARE,331,2
BLESSING HOSPITAL,GENERAL ACUTE CARE,335,2
BAPTIST HOSPITAL,GENERAL ACUTE CARE,339,2
CHRISTUS SPOHN HOSPITAL CORPUS CHRISTI,GENERAL ACUTE CARE,341,2
CENTRAL DUPAGE HOSPITAL,GENERAL ACUTE CARE,344,2
RAPIDES REGIONAL MEDICAL CENTER,GENERAL ACUTE CARE,349,2
EDWARD HOSPITAL,GENERAL ACUTE CARE,349,2
FORBES HOSPITAL,GENERAL ACUTE CARE,350,2
GWINNETT HOSPITAL SYSTEM,GENERAL ACUTE CARE,353,2
MEDCENTRAL - MANSFIELD HOSPITAL,GENERAL ACUTE CARE,358,2
ATHENS REGIONAL MED CENTER,GENERAL ACUTE CARE,359,2
PROVIDENCE - PROVIDENCE PARK HOSPITAL,GENERAL ACUTE CARE,359,2
AVENTURA HOSPITAL AND MEDICAL CENTER,GENERAL ACUTE CARE,359,2
PEACEHEALTH SOUTHWEST MEDICAL CENTER,GENERAL ACUTE CARE,360,2
WASHINGTON REGIONAL MEDICAL CENTER,GENERAL ACUTE CARE,366,2
ALEXIAN BROTHERS MEDICAL CENTER,GENERAL ACUTE CARE,370,2
MACNEAL  HOSPITAL,GENERAL ACUTE CARE,371,2
PROVIDENCE ALASKA MEDICAL CENTER,GENERAL ACUTE CARE,371,2
MUNSON MEDICAL CENTER,GENERAL ACUTE CARE,377,2
UPMC ALTOONA,GENERAL ACUTE CARE,380,2
SALEM HOSPITAL,GENERAL ACUTE CARE,381,2
NORTHWEST COMMUNITY HOSPITAL,GENERAL ACUTE CARE,386,2
BORGESS MEDICAL CENTER,GENERAL ACUTE CARE,387,2
TACOMA GENERAL HOSPITAL,GENERAL ACUTE CARE,391,2
STORMONTVAIL HEALTHCARE,GENERAL ACUTE CARE,394,2
BAYFRONT MEDICAL CENTER,GENERAL ACUTE CARE,395,2
SAINT ALPHONSUS REGIONAL MEDICAL CENTER,GENERAL ACUTE CARE,399,2
BROWARD HEALTH NORTH,GENERAL ACUTE CARE,409,2
GENESYS REGIONAL MEDICAL CENTER - HEALTH PARK,GENERAL ACUTE CARE,410,2
ST JOSEPH MERCY OAKLAND,GENERAL ACUTE CARE,410,2
UPMC HAMOT,GENERAL ACUTE CARE,412,2
MIDTOWN MEDICAL CENTER,GENERAL ACUTE CARE,413,2
ST RITA'S MEDICAL CENTER,GENERAL ACUTE CARE,424,2
CROZER-CHESTER MEDICAL CENTER,GENERAL ACUTE CARE,424,2
HENRY FORD MACOMB HOSPITAL,GENERAL ACUTE CARE,433,2
MERCY MEDICAL CENTER,GENERAL ACUTE CARE,441,2
MEMORIAL HOSPITAL OF SOUTH BEND,GENERAL ACUTE CARE,445,2
KETTERING MEDICAL CENTER,GENERAL ACUTE CARE,456,2
SINAI HOSPITAL OF BALTIMORE,GENERAL ACUTE CARE,467,2
JOHNS HOPKINS BAYVIEW MEDICAL CENTER,GENERAL ACUTE CARE,477,2
PRESENCE ST JOSEPH MEDICAL CENTER,GENERAL ACUTE CARE,480,2
TALLAHASSEE MEMORIAL HOSPITAL,GENERAL ACUTE CARE,489,2
HILLCREST HOSPITAL,GENERAL ACUTE CARE,500,2
ST JOSEPH MERCY HOSPITAL,GENERAL ACUTE CARE,513,2
HOLMES REGIONAL MEDICAL CENTER,GENERAL ACUTE CARE,514,2
MOUNT CARMEL WEST,GENERAL ACUTE CARE,514,2
FAIRVIEW HOSPITAL,GENERAL ACUTE CARE,516,2
DEACONESS HOSPITAL INC,GENERAL ACUTE CARE,523,2
WELLSTAR KENNESTONE HOSPITAL,GENERAL ACUTE CARE,580,2
HALIFAX HEALTH MEDICAL CENTER,GENERAL ACUTE CARE,582,2
ST. VINCENT INFIRMARY HEALTH SYSTEM,GENERAL ACUTE CARE,615,2
SARASOTA MEMORIAL HOSPITAL,GENERAL ACUTE CARE,628,2
BEAUMONT HOSPITAL DEARBORN,GENERAL ACUTE CARE,632,2
LANCASTER GENERAL HOSPITAL,GENERAL ACUTE CARE,640,2
READING HOSPITAL & MEDICAL CENTER,GENERAL ACUTE CARE,665,2
ABINGTON MEMORIAL HOSPITAL,GENERAL ACUTE CARE,665,2
MEMORIAL MISSION HOSPITAL AND ASHEVILLE SURGERY CENTER,GENERAL ACUTE CARE,763,2
NEW HANOVER REGIONAL MEDICAL CENTER,GENERAL ACUTE CARE,769,2
BAPTIST HEALTH MEDICAL CENTER - LITTLE ROCK,GENERAL ACUTE CARE,783,2
AULTMAN HOSPITAL,GENERAL ACUTE CARE,820,2
LAKELAND REGIONAL MEDICAL CENTER,GENERAL ACUTE CARE,828,2
LEE MEMORIAL HOSPITAL,GENERAL ACUTE CARE,835,2
ST VINCENT HOSPITAL,GENERAL ACUTE CARE,903,2
MOSES CONE MEMORIAL HOSPITAL,GENERAL ACUTE CARE,906,2
OUR LADY OF THE LAKE REGIONAL MEDICAL CENTER,GENERAL ACUTE CARE,1042,2
RIVERSIDE METHODIST HOSPITAL,GENERAL ACUTE CARE,1059,2
LUTHERAN HOSPITAL OF INDIANA,GENERAL ACUTE CARE,396,2
ST MARY'S MEDICAL CENTER OF EVANSVILLE INC,GENERAL ACUTE CARE,433,2
PARKVIEW REGIONAL MEDICAL CENTER,GENERAL ACUTE CARE,636,2
COVENANT MEDICAL CENTER,GENERAL ACUTE CARE,277,2
ST JOHNS HOSPITAL,GENERAL ACUTE CARE,434,2
ST JOHN HOSPITAL AND MEDICAL CENTER,GENERAL ACUTE CARE,673,2
MARY BRIDGE CHILDREN'S HOSPITAL AND HEALTH CENTER,CHILDREN,72,2
CHILDREN'S HOSPITAL & MEDICAL CENTER,CHILDREN,145,2
CHILDRENS HEALTHCARE OF ATLANTA AT SCOTTISH RITE,CHILDREN,250,2
ALL CHILDREN'S HOSPITAL,CHILDREN,259,2
IOWA METHODIST MEDICAL CENTER,GENERAL ACUTE CARE,460,2
SACRED HEART HOSPITAL,CHILDREN,466,2
PROVIDENCE SACRED HEART MEDICAL CENTER AND CHILDREN'S HOSPITAL,GENERAL ACUTE CARE,638,2
WEST PARK HOSPITAL DISTRICT,CRITICAL ACCESS,25,3
CHICOT MEMORIAL HOSPITAL,CRITICAL ACCESS,25,3
PROVIDENCE HOOD RIVER MEMORIAL HOSPITAL,CRITICAL ACCESS,25,3
UP HEALTH SYSTEM PORTAGE,GENERAL ACUTE CARE,36,3
ISLAND HOSPITAL,GENERAL ACUTE CARE,43,3
ST. JOHN BROKEN ARROW,GENERAL ACUTE CARE,44,3
TETON COUNTY HOSPITAL DISTRICT,GENERAL ACUTE CARE,48,3
ST CHARLES MEDICAL CENTER  REDMOND,GENERAL ACUTE CARE,48,3
GREENE MEMORIAL HOSPITAL,GENERAL ACUTE CARE,49,3
JACKSON COUNTY MEMORIAL HOSPITAL,GENERAL ACUTE CARE,49,3
GRINNELL GENERAL HOSPITAL,GENERAL ACUTE CARE,49,3
MID-COLUMBIA MEDICAL CENTER,GENERAL ACUTE CARE,49,3
COLUMBUS COMMUNITY HOSPITAL,GENERAL ACUTE CARE,51,3
WHIDBEY GENERAL HOSPITAL,CRITICAL ACCESS,51,3
DEFIANCE REGIONAL MEDICAL CENTER,CRITICAL ACCESS,51,3
LABETTE HEALTH,GENERAL ACUTE CARE,55,3
GREAT PLAINS REGIONAL MEDICAL CENTER,GENERAL ACUTE CARE,62,3
ADVENTIST HEALTH WALLA WALLA GENERAL HOSPITAL,GENERAL ACUTE CARE,72,3
SAMARITAN ALBANY GENERAL HOSPITAL,GENERAL ACUTE CARE,73,3
JOHNSON REGIONAL MEDICAL CENTER,GENERAL ACUTE CARE,80,3
HILLCREST HOSPITAL CLAREMORE,GENERAL ACUTE CARE,81,3
ALLIANCEHEALTH WOODWARD,GENERAL ACUTE CARE,87,3
SAGEWEST LANDER,GENERAL ACUTE CARE,89,3
ST ANTHONY NORTH HEALTH CAMPUS,GENERAL ACUTE CARE,92,3
SKY LAKES MEDICAL CENTER,GENERAL ACUTE CARE,98,3
GRADY MEMORIAL HOSPITAL,GENERAL ACUTE CARE,99,3
CANYON VISTA MEDICAL CENTER,GENERAL ACUTE CARE,100,3
ST. ANTHONY SHAWNEE HOSPITAL,GENERAL ACUTE CARE,102,3
FAITH REGIONAL HEALTH SERVICES,GENERAL ACUTE CARE,111,3
VIA CHRISTI HOSPITAL PITTSBURG INC,GENERAL ACUTE CARE,111,3
MCKENZIE-WILLAMETTE MEDICAL CENTER,GENERAL ACUTE CARE,113,3
FISHER-TITUS HOSPITAL,GENERAL ACUTE CARE,114,3
GREAT PLAINS REGIONAL MEDICAL CENTER,GENERAL ACUTE CARE,116,3
STILLWATER MEDICAL CENTER,GENERAL ACUTE CARE,117,3
VALLEY HOSPITAL AND MEDICAL CENTER,GENERAL ACUTE CARE,123,3
MERCY MEDICAL CENTER,GENERAL ACUTE CARE,125,3
CENTRAL IOWA HEALTHCARE,GENERAL ACUTE CARE,125,3
OLYMPIC MEDICAL CENTER,GENERAL ACUTE CARE,126,3
PROVIDENCE MEDFORD MEDICAL CENTER,GENERAL ACUTE CARE,126,3
SOIN MEDICAL CENTER,GENERAL ACUTE CARE,127,3
NORTHWEST MEDICAL CENTER - BENTONVILLE,GENERAL ACUTE CARE,128,3
SKAGIT VALLEY HOSPITAL,GENERAL ACUTE CARE,137,3
DUNCAN REGIONAL HOSPITAL,GENERAL ACUTE CARE,138,3
JANE PHILLIPS MEDICAL CENTER,GENERAL ACUTE CARE,140,3
CONWAY REGIONAL MEDICAL CENTER,GENERAL ACUTE CARE,146,3
GOOD SHEPHERD MEDICAL CENTER - MARSHALL,GENERAL ACUTE CARE,149,3
AFFINITY MEDICAL CENTER,GENERAL ACUTE CARE,156,3
"MERCY HOSPITAL ADA, INC.",GENERAL ACUTE CARE,156,3
CHI HEALTH ST. FRANCIS,GENERAL ACUTE CARE,159,3
MARY LANNING MEMORIAL HOSPITAL,GENERAL ACUTE CARE,161,3
EAST OHIO REGIONAL HOSPITAL,GENERAL ACUTE CARE,161,3
MEDICAL CENTER OF SOUTH ARKANSAS,GENERAL ACUTE CARE,166,3
COLLEGE STATION MEDICAL CENTER,GENERAL ACUTE CARE,167,3
SALINE MEMORIAL HOSPITAL,GENERAL ACUTE CARE,167,3
MCALESTER REGIONAL HEALTH CENTER,GENERAL ACUTE CARE,170,3
PARKER ADVENTIST HOSPITAL,GENERAL ACUTE CARE,170,3
ST. MARY'S REGIONAL MEDICAL CENTER,GENERAL ACUTE CARE,170,3
BAY AREA HOSPITAL,GENERAL ACUTE CARE,172,3
HAYS MEDICAL CENTER,GENERAL ACUTE CARE,172,3
"MOUNTAIN VISTA MEDICAL CENTER, LP",GENERAL ACUTE CARE,172,3
NORTH ARKANSAS REGIONAL MEDICAL CENTER,GENERAL ACUTE CARE,174,3
BLANCHARD VALLEY HOSPITAL,GENERAL ACUTE CARE,176,3
HILLCREST HOSPITAL SOUTH,GENERAL ACUTE CARE,180,3
INDIANA UNIVERSITY HEALTH ARNETT HOSPITAL,GENERAL ACUTE CARE,180,3
INTEGRIS BASS BAPTIST HEALTH CENTER,GENERAL ACUTE CARE,183,3
BEAUMONT HOSPITAL WAYNE,GENERAL ACUTE CARE,185,3
ST. VINCENT ANDERSON REGIONAL HOSPITAL,GENERAL ACUTE CARE,185,3
DRISCOLL CHILDREN'S HOSPITAL,CHILDREN,189,3
"MERCY HOSPITAL ARDMORE, INC",GENERAL ACUTE CARE,190,3
GOOD SAMARITAN HOSPITAL,GENERAL ACUTE CARE,191,3
WEST CHESTER MEDICAL CENTER,GENERAL ACUTE CARE,194,3
SALINA REGIONAL HEALTH CENTER,GENERAL ACUTE CARE,198,3
WHITE RIVER MEDICAL CENTER,GENERAL ACUTE CARE,199,3
SOUTHWESTERN MEDICAL CENTER,GENERAL ACUTE CARE,199,3
MULTICARE GOOD SAMARITAN HOSPITAL,GENERAL ACUTE CARE,200,3
PEACEHEALTH ST JOHN MEDICAL CENTER,GENERAL ACUTE CARE,202,3
HONORHEALTH DEER VALLEY MEDICAL CENTER,GENERAL ACUTE CARE,204,3
ST JOHN MEDICAL CENTER,GENERAL ACUTE CARE,204,3
HUTCHINSON REGIONAL MEDICAL CENTER INC,GENERAL ACUTE CARE,213,3
VALLEY REGIONAL MEDICAL CENTER,GENERAL ACUTE CARE,214,3
MARIETTA MEMORIAL HOSPITAL,GENERAL ACUTE CARE,215,3
CAMPBELL COUNTY MEMORIAL HOSPITAL,GENERAL ACUTE CARE,215,3
ST JOSEPH HEALTH CENTER,GENERAL ACUTE CARE,219,3
NORTHWEST MEDICAL CENTER,GENERAL ACUTE CARE,222,3
UH GEAUGA MEDICAL CENTER,GENERAL ACUTE CARE,225,3
KNAPP MEDICAL CENTER,GENERAL ACUTE CARE,226,3
ST. MARY'S REGIONAL MEDICAL CENTER,GENERAL ACUTE CARE,229,3
LONGVIEW REGIONAL MEDICAL CENTER,GENERAL ACUTE CARE,230,3
REDMOND REGIONAL MEDICAL CENTER,GENERAL ACUTE CARE,230,3
TRINITY HOSPITAL OF AUGUSTA,GENERAL ACUTE CARE,231,3
POCONO MEDICAL CENTER,GENERAL ACUTE CARE,235,3
ALLIANCEHEALTH DEACONESS,GENERAL ACUTE CARE,238,3
CAROLINAS HEALTHCARE SYSTEM CLEVELAND,GENERAL ACUTE CARE,241,3
EVERGREEN HOSPITAL MEDICAL CENTER,GENERAL ACUTE CARE,242,3
KOOTENAI MEDICAL CENTER,GENERAL ACUTE CARE,246,3
MERITUS MEDICAL CENTER,GENERAL ACUTE CARE,247,3
BAPTIST HEALTH MEDICAL CENTER - NORTH LITTLE ROCK,GENERAL ACUTE CARE,248,3
OKLAHOMA STATE UNIVERSITY MEDICAL CENTER,GENERAL ACUTE CARE,249,3
BEAUMONT HOSPITAL GROSSE POINTE,GENERAL ACUTE CARE,250,3
PEACEHEALTH ST. JOSEPH HOSPITAL,GENERAL ACUTE CARE,253,3
ALLIANCEHEALTH MIDWEST,GENERAL ACUTE CARE,255,3
BAXTER REGIONAL MEDICAL CENTER,GENERAL ACUTE CARE,268,3
KADLEC MEDICAL CENTER,GENERAL ACUTE CARE,270,3
PROVIDENCE HOLY FAMILY HOSPITAL,GENERAL ACUTE CARE,272,3
CHI HEALTH MERCY HOSPITAL,GENERAL ACUTE CARE,278,3
VALLEY BAPTIST MEDICAL CENTER - BROWNSVILLE,GENERAL ACUTE CARE,280,3
PENINSULA REGIONAL MEDICAL CENTER,GENERAL ACUTE CARE,281,3
COMANCHE COUNTY MEMORIAL HOSPITAL,GENERAL ACUTE CARE,283,3
FIRELANDS REGIONAL MEDICAL CENTER,GENERAL ACUTE CARE,283,3
WHITE COUNTY MEDICAL CENTER - NORTH CAMPUS,GENERAL ACUTE CARE,286,3
SHANNON WEST TEXAS MEMORIAL HOSPITAL,GENERAL ACUTE CARE,295,3
ROBINSON MEMORIAL HOSPITAL,GENERAL ACUTE CARE,302,3
UW MEDICINE VALLEY MEDICAL CENTER,GENERAL ACUTE CARE,303,3
DEACONESS MEDICAL CENTER,GENERAL ACUTE CARE,307,3
CHRISTUS ST. MICHAEL HEALTH SYSTEM,GENERAL ACUTE CARE,312,3
COMMUNITY HOSPITAL OF ANDERSON AND MADISON COUNTY,GENERAL ACUTE CARE,318,3
"EASTAR HEALTH SYSTEM, MAIN CAMPUS",GENERAL ACUTE CARE,320,3
GENESIS HOSPITAL,GENERAL ACUTE CARE,321,3
LAREDO MEDICAL CENTER,GENERAL ACUTE CARE,326,3
ATRIUM MEDICAL CENTER,GENERAL ACUTE CARE,328,3
MERCY HOSPITAL FORT SMITH,GENERAL ACUTE CARE,336,3
OVERLAKE HOSPITAL MEDICAL CENTER,GENERAL ACUTE CARE,337,3
BANNER BAYWOOD MEDICAL CENTER,GENERAL ACUTE CARE,340,3
HENRY FORD WYANDOTTE HOSPITAL,GENERAL ACUTE CARE,345,3
"MERCY HOSPITAL OKLAHOMA CITY, INC.",GENERAL ACUTE CARE,349,3
MCLAREN FLINT,GENERAL ACUTE CARE,350,3
INTEGRIS SOUTHWEST MEDICAL CENTER,GENERAL ACUTE CARE,352,3
DOCTORS HOSPITAL,GENERAL ACUTE CARE,354,3
SOUTHWEST GENERAL HEALTH CENTER,GENERAL ACUTE CARE,362,3
PROVIDENCE ST. PETER HOSPITAL,GENERAL ACUTE CARE,364,3
WADLEY REGIONAL MEDICAL CENTER,GENERAL ACUTE CARE,370,3
ST. BERNARDS MEDICAL CENTER,GENERAL ACUTE CARE,378,3
ASANTE ROGUE REGIONAL MEDICAL CENTER,GENERAL ACUTE CARE,378,3
INDIANA UNIVERSITY HEALTH BALL MEMORIAL HOSPITAL,GENERAL ACUTE CARE,379,3
NORTHWEST TEXAS HOSPITAL,GENERAL ACUTE CARE,385,3
NORMAN REGIONAL HEALTH SYSTEM -NORMAN CAMPUS,GENERAL ACUTE CARE,388,3
NORTHSIDE MEDICAL CENTER,GENERAL ACUTE CARE,398,3
MERCY ST CHARLES HOSPITAL,GENERAL ACUTE CARE,410,3
GOOD SHEPHERD MEDICAL CENTER,GENERAL ACUTE CARE,425,3
CAROLINAS HEALTHCARE SYSTEM NORTHEAST,GENERAL ACUTE CARE,457,3
JEFFERSON REGIONAL MEDICAL CENTER,GENERAL ACUTE CARE,471,3
METHODIST HOSPITALS INC,GENERAL ACUTE CARE,503,3
HENDRICK MEDICAL CENTER,GENERAL ACUTE CARE,522,3
BETHESDA NORTH,GENERAL ACUTE CARE,524,3
BAYLOR SCOTT & WHITE ALL SAINTS MEDICAL CENTER FORT WORTH,GENERAL ACUTE CARE,572,3
VALLEY BAPTIST MEDICAL CENTER  - HARLINGEN,GENERAL ACUTE CARE,586,3
HILLCREST MEDICAL CENTER,GENERAL ACUTE CARE,620,3
"INTEGRIS BAPTIST MEDICAL CENTER, INC.",GENERAL ACUTE CARE,629,3
"ST. JOHN MEDICAL CENTER, INC.",GENERAL ACUTE CARE,701,3
ST. ANTHONY HOSPITAL,GENERAL ACUTE CARE,702,3
VIDANT MEDICAL CENTER,GENERAL ACUTE CARE,909,3
METHODIST HOSPITAL,GENERAL ACUTE CARE,933,3
"SAINT FRANCIS HOSPITAL, INC.",GENERAL ACUTE CARE,1112,3
TAYLOR REGIONAL HOSPITAL,GENERAL ACUTE CARE,90,3
EPHRAIM MCDOWELL REGIONAL MEDICAL CENTER,GENERAL ACUTE CARE,222,3
OWENSBORO HEALTH REGIONAL HOSPITAL,GENERAL ACUTE CARE,447,3
ST. JOSEPH REGIONAL MEDICAL CENTER,GENERAL ACUTE CARE,136,3
PROVIDENCE ST. MARY MEDICAL CENTER,GENERAL ACUTE CARE,142,3
CENTRAL WASHINGTON HOSPITAL,GENERAL ACUTE CARE,174,3
YAKIMA REGIONAL MEDICAL AND CARDIAC CENTER,GENERAL ACUTE CARE,214,3
YAKIMA VALLEY MEMORIAL HOSPITAL,GENERAL ACUTE CARE,226,3
PROVIDENCE REGIONAL MEDICAL CENTER  - COLBY,GENERAL ACUTE CARE,395,3
SETON SMITHVILLE REGIONAL HOSPITAL,GENERAL ACUTE CARE,8,4
PAWNEE COUNTY MEMORIAL HOSPITAL,CRITICAL ACCESS,11,4
YUMA DISTRICT HOSPITAL,CRITICAL ACCESS,12,4
HOLTON COMMUNITY HOSPITAL,CRITICAL ACCESS,12,4
GOTHENBURG MEMORIAL HOSPITAL,CRITICAL ACCESS,12,4
KIMBALL HEALTH SERVICES,CRITICAL ACCESS,12,4
COMANCHE COUNTY HOSPITAL,CRITICAL ACCESS,12,4
SATANTA DISTRICT HOSPITAL,GENERAL ACUTE CARE,13,4
COPPER QUEEN COMMUNITY HOSPITAL,GENERAL ACUTE CARE,14,4
KANAKANAK HOSPITAL - BBAHC,CRITICAL ACCESS,14,4
SCHLEICHER COUNTY MEDICAL CENTER,CRITICAL ACCESS,14,4
WEST VALLEY HOSPITAL,CRITICAL ACCESS,15,4
CHEYENNE COUNTY HOSPITAL,GENERAL ACUTE CARE,16,4
SAUNDERS MEDICAL CENTER,CRITICAL ACCESS,16,4
MERCY HOSPITAL PARIS,CRITICAL ACCESS,16,4
NEMAHA COUNTY HOSPITAL,CRITICAL ACCESS,16,4
VALLEY COUNTY HEALTH SYSTEM,CRITICAL ACCESS,16,4
MANIILAQ MEDICAL CENTER,CRITICAL ACCESS,17,4
KLICKITAT VALLEY HEALTH,CRITICAL ACCESS,17,4
MIAMI COUNTY MEDICAL CENTER,GENERAL ACUTE CARE,18,4
JOHNSON COUNTY HOSPITAL,CRITICAL ACCESS,18,4
CHI HEALTH ST MARY'S,CRITICAL ACCESS,18,4
OGALLALA COMMUNITY HOSPITAL,CRITICAL ACCESS,18,4
OAKLAND MERCY HOSPITAL,CRITICAL ACCESS,18,4
WEST HOLT MEMORIAL HOSPITAL,CRITICAL ACCESS,18,4
WICKENBURG COMMUNITY HOSPITAL,GENERAL ACUTE CARE,19,4
THAYER COUNTY HEALTH SERVICES,CRITICAL ACCESS,19,4
GENOA COMMUNITY HOSPITAL,CRITICAL ACCESS,19,4
ROOKS COUNTY HEALTH CENTER,GENERAL ACUTE CARE,20,4
WHITE MOUNTAIN REGIONAL MEDICAL CENTER,GENERAL ACUTE CARE,20,4
PERKINS COUNTY HEALTH SERVICES,CRITICAL ACCESS,20,4
TRI VALLEY HEALTH SYSTEM,CRITICAL ACCESS,20,4
LITZENBERG MEMORIAL COUNTY HOSPITAL,CRITICAL ACCESS,20,4
MORRILL COUNTY COMMUNITY HOSPITAL,CRITICAL ACCESS,20,4
PIONEER MEMORIAL HOSPITAL,GENERAL ACUTE CARE,21,4
PROVIDENCE VALDEZ MEDICAL CENTER,GENERAL ACUTE CARE,21,4
COON MEMORIAL HOSPITAL AND HOME,GENERAL ACUTE CARE,21,4
PEACE HARBOR HOSPITAL,CRITICAL ACCESS,21,4
BENSON HOSPITAL,GENERAL ACUTE CARE,22,4
WRANGELL MEDICAL CENTER AND LTC,GENERAL ACUTE CARE,22,4
HARNEY DISTRICT HOSPITAL,CRITICAL ACCESS,22,4
EUREKA SPRINGS HOSPITAL,CRITICAL ACCESS,22,4
STAR VALLEY MEDICAL CENTER,CRITICAL ACCESS,22,4
NORTH VALLEY HOSPITAL,CRITICAL ACCESS,22,4
CLARA BARTON HOSPITAL,CRITICAL ACCESS,23,4
JENNIE M MELHAM MEMORIAL MEDICAL CENTER,CRITICAL ACCESS,23,4
NEMAHA VALLEY COMMUNITY HOSPITAL,GENERAL ACUTE CARE,24,4
CURRY GENERAL HOSPITAL,CRITICAL ACCESS,24,4
EFFINGHAM HOSPITAL,GENERAL ACUTE CARE,25,4
LA PAZ REGIONAL,GENERAL ACUTE CARE,25,4
SAMARITAN NORTH LINCOLN HOSPITAL,GENERAL ACUTE CARE,25,4
SAMARITAN LEBANON COMMUNITY HOSPITAL,GENERAL ACUTE CARE,25,4
PAGE HOSPITAL,GENERAL ACUTE CARE,25,4
PROVIDENCE KODIAK ISLAND MEDICAL CENTER,GENERAL ACUTE CARE,25,4
WILLIAM NEWTON HOSPITAL,GENERAL ACUTE CARE,25,4
NORTON COUNTY HOSPITAL,GENERAL ACUTE CARE,25,4
SABETHA COMMUNITY HOSPITAL,GENERAL ACUTE CARE,25,4
COBRE VALLEY REGIONAL MEDICAL CENTER,GENERAL ACUTE CARE,25,4
LAKE CHELAN COMMUNITY HOSPITAL,CRITICAL ACCESS,25,4
OCEAN BEACH HOSPITAL,CRITICAL ACCESS,25,4
HOWARD COUNTY MEDICAL CENTER,CRITICAL ACCESS,25,4
MEMORIAL HOSPITAL OF CARBON COUNTY,CRITICAL ACCESS,25,4
KOSSUTH COUNTY HOSPITAL,CRITICAL ACCESS,25,4
LAWRENCE MEMORIAL HOSPITAL,CRITICAL ACCESS,25,4
MITCHELL COUNTY MEMORIAL HOSPITAL,CRITICAL ACCESS,25,4
NEOSHO MEMORIAL REGIONAL MEDICAL CENTER,CRITICAL ACCESS,25,4
PIGGOTT COMMUNITY HOSPITAL,CRITICAL ACCESS,25,4
BLUE MOUNTAIN HOSPITAL,CRITICAL ACCESS,25,4
COMMUNITY HOSPITAL,CRITICAL ACCESS,25,4
COMMUNITY MEDICAL CENTER OF IZARD COUNTY,CRITICAL ACCESS,25,4
COMMUNITY MEMORIAL HEALTHCARE,CRITICAL ACCESS,25,4
ST FRANCIS MEMORIAL HOSPITAL,CRITICAL ACCESS,25,4
KNOXVILLE AREA COMMUNITY HOSPITAL,CRITICAL ACCESS,25,4
LITTLE COLORADO MEDICAL CENTER,CRITICAL ACCESS,25,4
MEMORIAL COMMUNITY HOSPITAL,CRITICAL ACCESS,25,4
OZARK HEALTH,CRITICAL ACCESS,25,4
FULTON COUNTY HOSPITAL,CRITICAL ACCESS,25,4
DE WITT HOSPITAL & NURSING HOME,CRITICAL ACCESS,25,4
COQUILLE VALLEY HOSPITAL DISTRICT,CRITICAL ACCESS,25,4
GORDON MEMORIAL HOSPITAL DISTRICT,CRITICAL ACCESS,25,4
JEFFERSON HEALTHCARE,CRITICAL ACCESS,25,4
MASON GENERAL HOSPITAL,CRITICAL ACCESS,25,4
MID-VALLEY HOSPITAL,CRITICAL ACCESS,25,4
HOSPITAL DISTRICT 1 OF RICE COUNTY,CRITICAL ACCESS,25,4
GREENWOOD COUNTY HOSPITAL,CRITICAL ACCESS,25,4
MONTGOMERY COUNTY MEMORIAL HOSPITAL,CRITICAL ACCESS,25,4
GRANDE RONDE HOSPITAL,CRITICAL ACCESS,25,4
HIAWATHA COMMUNITY HOSPITAL,CRITICAL ACCESS,25,4
PHELPS MEMORIAL HEALTH CENTER,CRITICAL ACCESS,25,4
POWELL VALLEY HOSPITAL,CRITICAL ACCESS,25,4
TRI-STATE MEMORIAL HOSPITAL,CRITICAL ACCESS,25,4
KITTITAS VALLEY COMMUNITY HOSPITAL,CRITICAL ACCESS,25,4
SKYLINE HOSPITAL,CRITICAL ACCESS,25,4
BAYLOR SCOTT & WHITE HOSPITAL - TAYLOR,CRITICAL ACCESS,25,4
STONE COUNTY MEDICAL CENTER,CRITICAL ACCESS,25,4
SAMARITAN PACIFIC COMMUNITIES HOSPITAL,CRITICAL ACCESS,25,4
PEACEHEALTH UNITED GENERAL HOSPITAL,CRITICAL ACCESS,25,4
BAPTIST HEALTH - HEBER SPRINGS,CRITICAL ACCESS,25,4
MERCY HOSPITAL BERRYVILLE,CRITICAL ACCESS,25,4
PROVIDENCE MOUNT CARMEL HOSPITAL,CRITICAL ACCESS,25,4
HOT SPRINGS COUNTY MEMORIAL HOSPITAL,CRITICAL ACCESS,25,4
ANTHONY MEDICAL CENTER,CRITICAL ACCESS,25,4
COULEE MEDICAL CENTER,CRITICAL ACCESS,25,4
PAWNEE  VALLEY COMMUNITY HOSPITAL,CRITICAL ACCESS,25,4
MEMORIAL HOSPITAL OF CONVERSE COUNTY,CRITICAL ACCESS,25,4
HEART OF TEXAS MEMORIAL HOSPITAL,CRITICAL ACCESS,25,4
LEXINGTON REGIONAL HEALTH CENTER,CRITICAL ACCESS,25,4
HARPER HOSPITAL DISTRICT NO 5,CRITICAL ACCESS,25,4
DALLAS COUNTY MEDICAL CENTER,CRITICAL ACCESS,25,4
MERCY HOSPITAL BOONEVILLE,CRITICAL ACCESS,25,4
PROSSER MEMORIAL HOSPITAL,CRITICAL ACCESS,26,4
PETERSBURG MEDICAL CENTER,GENERAL ACUTE CARE,27,4
SITKA COMMUNITY HOSPITAL,GENERAL ACUTE CARE,27,4
ASHLEY COUNTY MEDICAL CENTER,CRITICAL ACCESS,33,4
GIRARD MEDICAL CENTER,CRITICAL ACCESS,35,4
ST. VINCENT MORRILTON,CRITICAL ACCESS,35,4
NORTON SOUND REGIONAL HOSPITAL,GENERAL ACUTE CARE,36,4
BANNER IRONWOOD MEDICAL CENTER,GENERAL ACUTE CARE,36,4
ST. LUKE HOSPITAL & LIVING CENTER,GENERAL ACUTE CARE,37,4
FORKS COMMUNITY HOSPITAL,CRITICAL ACCESS,37,4
YUKON - KUSKOKWIM DELTA REGIONAL HOSPITAL,CRITICAL ACCESS,37,4
ASANTE ASHLAND COMMUNITY HOSPITAL,GENERAL ACUTE CARE,41,4
CHAMBERS MEMORIAL HOSPITAL,GENERAL ACUTE CARE,41,4
MORGAN MEMORIAL HOSPITAL,CRITICAL ACCESS,41,4
ANDERSON COUNTY HOSPITAL,CRITICAL ACCESS,41,4
EVANSTON REGIONAL HOSPITAL,GENERAL ACUTE CARE,42,4
SILOAM SPRINGS REGIONAL HOSPITAL,GENERAL ACUTE CARE,42,4
PAYSON REGIONAL,GENERAL ACUTE CARE,44,4
MERCY MEDICAL CENTER-CENTERVILLE,CRITICAL ACCESS,45,4
ASHLAND HEALTH CENTER,CRITICAL ACCESS,45,4
PROVIDENCE SEWARD MEDICAL CENTER,GENERAL ACUTE CARE,46,4
RUSSELL REGIONAL HOSPITAL,GENERAL ACUTE CARE,46,4
CASCADE VALLEY HOSPITAL,GENERAL ACUTE CARE,48,4
SILVERTON HOSPITAL,GENERAL ACUTE CARE,48,4
"NORTHERN COCHISE COMMUNITY HOSPITAL, INC.",GENERAL ACUTE CARE,48,4
MT. GRAHAM REGIONAL MEDICAL CENTER,GENERAL ACUTE CARE,49,4
SAINT ALPHONSUS MEDICAL CENTER - ONTARIO,GENERAL ACUTE CARE,49,4
CUERO COMMUNITY HOSPITAL,GENERAL ACUTE CARE,49,4
SAMARITAN HEALTHCARE,GENERAL ACUTE CARE,50,4
SOUTH PENINSULA HOSPITAL,CRITICAL ACCESS,50,4
SMITH COUNTY MEMORIAL HOSPITAL,GENERAL ACUTE CARE,53,4
PEACEHEALTH KETCHIKAN MEDICAL CENTER,CRITICAL ACCESS,54,4
WALLOWA MEMORIAL HOSPITAL,CRITICAL ACCESS,57,4
TOPPENISH COMMUNITY HOSPITAL,GENERAL ACUTE CARE,63,4
REPUBLIC COUNTY HOSPITAL,CRITICAL ACCESS,63,4
MENA REGIONAL HEALTH SYSTEM,GENERAL ACUTE CARE,65,4
"SAINT ALPHONSUS MEDICAL CENTER - BAKER CITY, INC",GENERAL ACUTE CARE,65,4
PROVIDENCE ST. JOSEPH'S HOSPITAL,CRITICAL ACCESS,65,4
SUSAN B ALLEN MEMORIAL HOSPITAL,GENERAL ACUTE CARE,68,4
ST. VINCENT MEDICAL CENTER - NORTH,GENERAL ACUTE CARE,69,4
MAGNOLIA HOSPITAL,GENERAL ACUTE CARE,70,4
LAKE DISTRICT HOSPITAL,CRITICAL ACCESS,71,4
YAVAPAI REGIONAL MEDICAL CENTER - EAST,GENERAL ACUTE CARE,72,4
EVERGREEN HEALTH MONROE,GENERAL ACUTE CARE,72,4
EMANUEL MEDICAL CENTER,GENERAL ACUTE CARE,72,4
BAPTIST HEALTH MEDICAL CENTER - HOT SPRING COUNTY,GENERAL ACUTE CARE,72,4
NORTH METRO MEDICAL CENTER,GENERAL ACUTE CARE,73,4
CRISP REGIONAL HOSPITAL,GENERAL ACUTE CARE,73,4
NEWPORT HOSPITAL & HEALTH SERVICES,CRITICAL ACCESS,74,4
MITCHELL COUNTY HOSPITAL HEALTH SYSTEMS,CRITICAL ACCESS,75,4
ST. ANTHONY HOSPITAL,GENERAL ACUTE CARE,80,4
PRATT REGIONAL MEDICAL CENTER,GENERAL ACUTE CARE,85,4
WILLAMETTE VALLEY MEDICAL CENTER,GENERAL ACUTE CARE,88,4
GROVE CITY MEDICAL CENTER,GENERAL ACUTE CARE,89,4
SUMMIT HEALTHCARE ASSOCIATION,GENERAL ACUTE CARE,89,4
YAMPA VALLEY MEDICAL CENTER,GENERAL ACUTE CARE,98,4
CHRISTUS SPOHN HOSPITAL KLEBERG,GENERAL ACUTE CARE,100,4
OUACHITA CO. MEDICAL CENTER,GENERAL ACUTE CARE,100,4
PROVIDENCE CENTRALIA HOSPITAL,GENERAL ACUTE CARE,100,4
SPARKS MEDICAL CENTER VAN BUREN,GENERAL ACUTE CARE,103,4
ST. CLARE HOSPITAL,GENERAL ACUTE CARE,106,4
UNITED MEMORIAL MEDICAL CENTER,GENERAL ACUTE CARE,106,4
VERDE VALLEY MEDICAL CENTER,GENERAL ACUTE CARE,110,4
CAPITAL MEDICAL CENTER,GENERAL ACUTE CARE,110,4
EAST TEXAS MEDICAL CENTER ATHENS,GENERAL ACUTE CARE,117,4
FORREST CITY MEDICAL CENTER,GENERAL ACUTE CARE,118,4
HUNTSVILLE MEMORIAL HOSPITAL,GENERAL ACUTE CARE,123,4
UINTAH BASIN MEDICAL CENTER,GENERAL ACUTE CARE,124,4
ASANTE THREE RIVERS MEDICAL CENTER,GENERAL ACUTE CARE,125,4
ST. FRANCIS HOSPITAL,GENERAL ACUTE CARE,128,4
ARKANSAS METHODIST MEDICAL CENTER,GENERAL ACUTE CARE,129,4
YAVAPAI REGIONAL MEDICAL CENTER,GENERAL ACUTE CARE,134,4
ORO VALLEY HOSPITAL,GENERAL ACUTE CARE,144,4
THE CORPUS CHRISTI MEDICAL CENTER - BAY AREA,GENERAL ACUTE CARE,152,4
LAWRENCE MEMORIAL HOSPITAL,GENERAL ACUTE CARE,152,4
HELENA REGIONAL MEDICAL CENTER,GENERAL ACUTE CARE,155,4
SWEDISH MEDICAL CENTER - EDMONDS,GENERAL ACUTE CARE,156,4
COMMUNITY HOSPITAL  ONAGA AND ST MARYS CAMPUS,GENERAL ACUTE CARE,159,4
SAGEWEST HEALTH CARE,GENERAL ACUTE CARE,159,4
NAVARRO REGIONAL HOSPITAL,GENERAL ACUTE CARE,162,4
GREAT RIVER MEDICAL CENTER,GENERAL ACUTE CARE,168,4
BANNER GATEWAY MEDICAL CENTER,GENERAL ACUTE CARE,177,4
HAVASU REGIONAL MEDICAL CENTER,GENERAL ACUTE CARE,181,4
NEA BAPTIST MEMORIAL HEALTH,GENERAL ACUTE CARE,181,4
BROWNWOOD REGIONAL MEDICAL CENTER,GENERAL ACUTE CARE,194,4
KINGMAN REGIONAL MEDICAL CENTER,GENERAL ACUTE CARE,202,4
UW MEDICINE NORTHWEST HOSPITAL,GENERAL ACUTE CARE,213,4
BANNER ESTRELLA MEDICAL CENTER,GENERAL ACUTE CARE,214,4
ODESSA REGIONAL MEDICAL CENTER,GENERAL ACUTE CARE,230,4
COLUMBIA MEMORIAL HOSPITAL,GENERAL ACUTE CARE,242,4
HIGHLINE MEDICAL CENTER,GENERAL ACUTE CARE,269,4
MEMORIAL MEDICAL CENTER OF EAST TEXAS,GENERAL ACUTE CARE,271,4
BANNER DEL E. WEBB MEDICAL CENTER,GENERAL ACUTE CARE,373,4
PROVIDENCE MEDICAL CENTER,GENERAL ACUTE CARE,400,4
BANNER BOSWELL MEDICAL CENTER,GENERAL ACUTE CARE,418,4
SOUTH BIG HORN COUNTY CRITICAL ACCESS HOSPITAL,CRITICAL ACCESS,6,5
EAST ADAMS RURAL HOSPITAL,CRITICAL ACCESS,8,5
WESTON COUNTY HEALTH SERVICES,CRITICAL ACCESS,12,5
CASCADE MEDICAL CENTER,CRITICAL ACCESS,12,5
NORTH BIG HORN HOSPITAL DISTRICT,CRITICAL ACCESS,15,5
SOUTH LINCOLN MEDICAL CENTER,CRITICAL ACCESS,16,5
CROOK COUNTY MEDICAL SERVICES DISTRICT,CRITICAL ACCESS,16,5
NIOBRARA HEALTH AND LIFE CENTER,CRITICAL ACCESS,24,5
FERRY COUNTY MEMORIAL HOSPITAL,CRITICAL ACCESS,25,5
MORTON GENERAL HOSPITAL,CRITICAL ACCESS,25,5
QUINCY VALLEY MEDICAL CENTER,CRITICAL ACCESS,25,5
WHITMAN HOSPITAL AND MEDICAL CENTER,CRITICAL ACCESS,25,5
DAYTON GENERAL HOSPITAL,CRITICAL ACCESS,25,5
JOHNSON COUNTY MEMORIAL HOSPITAL,CRITICAL ACCESS,25,5
PEACEHEALTH PEACE ISLAND MEDICAL CENTER,CRITICAL ACCESS,25,5
COMMUNITY HOSPITAL,CRITICAL ACCESS,25,5
PLATTE COUNTY MEMORIAL HOSPITAL,CRITICAL ACCESS,25,5
ODESSA MEMORIAL HEALTHCARE CENTER,CRITICAL ACCESS,25,5
WILLAPA HARBOR HOSPITAL,CRITICAL ACCESS,26,5
ST. ELIZABETH HOSPITAL,CRITICAL ACCESS,38,5
GARFIELD COUNTY PUBLIC HOSPITAL,CRITICAL ACCESS,45,5
OTHELLO COMMUNITY HOSPITAL,CRITICAL ACCESS,49,5
LINCOLN HOSPITAL,CRITICAL ACCESS,60,5
COLUMBIA BASIN HOSPITAL,CRITICAL ACCESS,86,5
